K,Topic,Rank,Term,Beta
20,1,1,energi,0.499796552915435
20,1,2,consumpt,0.162918889869871
20,1,3,effici,0.0469156654255115
20,1,4,save,0.0301024912671299
20,1,5,aim,0.0131357721392653
20,1,6,improv,0.0129822271697824
20,1,7,light,0.0128286822002994
20,1,8,predict,0.0103719626885724
20,1,9,conserv,0.0089900579632259
20,1,10,consum,0.0079920156615868
20,2,1,solar,0.0926858982726363
20,2,2,use,0.0493495192098508
20,2,3,system,0.04760910238002
20,2,4,urban,0.0333376843754079
20,2,5,area,0.0327285384849672
20,2,6,photovolta,0.032380455119001
20,2,7,instal,0.022982204237915
20,2,8,measur,0.020719662359135
20,2,9,year,0.0204585998346604
20,2,10,citi,0.0196754122612366
20,3,1,build,0.128495125686326
20,3,2,heat,0.0751578082396444
20,3,3,temperatur,0.051103723900945
20,3,4,thermal,0.0407201284876555
20,3,5,cool,0.0298136181974377
20,3,6,air,0.0286183841930303
20,3,7,use,0.0232398311731969
20,3,8,condit,0.022941022672095
20,3,9,predict,0.0212975759160348
20,3,10,simul,0.0206999589138311
20,4,1,electr,0.0931131169579412
20,4,2,cost,0.0895794123295564
20,4,3,renew,0.0690685615517572
20,4,4,price,0.0625388899558287
20,4,5,generat,0.05531784136739
20,4,6,market,0.0431803341655464
20,4,7,storag,0.0357288265796044
20,4,8,capac,0.0298905319761859
20,4,9,increas,0.0260495486844632
20,4,10,plant,0.0175225657768389
20,5,1,system,0.16080235702466
20,5,2,oper,0.067086410784195
20,5,3,control,0.0661984905355774
20,5,4,propos,0.046987125156395
20,5,5,optim,0.0388344028736328
20,5,6,strategi,0.03366832142713
20,5,7,dynam,0.023013278443718
20,5,8,problem,0.0195423174718489
20,5,9,schedul,0.0179279170198168
20,5,10,ieee,0.0142147959801429
20,6,1,wind,0.128155972267461
20,6,2,generat,0.0904657763715044
20,6,3,variabl,0.026345912242334
20,6,4,speed,0.023367921455493
20,6,5,turbin,0.023367921455493
20,6,6,output,0.0200176818202969
20,6,7,can,0.0190870596994091
20,6,8,predict,0.0184356242147876
20,6,9,resourc,0.0172258154576334
20,6,10,farm,0.0145270113070588
20,7,1,model,0.261638123000931
20,7,2,use,0.0698084942710231
20,7,3,data,0.0691606947649702
20,7,4,predict,0.0387950929187417
20,7,5,simul,0.0349082958824244
20,7,6,estim,0.0284303008218956
20,7,7,result,0.0264059273654804
20,7,8,tool,0.0238147293412689
20,7,9,develop,0.0236527794647557
20,7,10,differ,0.0187942831693591
20,8,1,grid,0.039877579717937
20,8,2,manag,0.0306133421564167
20,8,3,provid,0.0288762976136317
20,8,4,distribut,0.0258985069688573
20,8,5,integr,0.0237478803920758
20,8,6,smart,0.0230034327308822
20,8,7,applic,0.0202737913065057
20,8,8,author,0.0165515530005376
20,8,9,achiev,0.0160552545597419
20,8,10,can,0.0158071053393441
20,9,1,technolog,0.067035875717718
20,9,2,develop,0.0625565012012868
20,9,3,sustain,0.0281060390112799
20,9,4,new,0.0231380054566926
20,9,5,current,0.0230565622836666
20,9,6,environment,0.0192287331514436
20,9,7,analysi,0.0174369833448711
20,9,8,research,0.0167854379606629
20,9,9,discuss,0.0155637903652726
20,9,10,role,0.0153194608461946
20,10,1,electr,0.145951676310791
20,10,2,demand,0.139414285083263
20,10,3,load,0.0798710190379434
20,10,4,peak,0.0312823004549671
20,10,5,respons,0.0266001148460621
20,10,6,charg,0.0228013604841203
20,10,7,profil,0.0212995273642829
20,10,8,day,0.0201510667432307
20,10,9,hour,0.0196210079950528
20,10,10,time,0.0189142629974822
20,11,1,perform,0.0458588637405694
20,11,2,design,0.0376057688299779
20,11,3,effici,0.0286023925638781
20,11,4,predict,0.0264349130924097
20,11,5,high,0.0187653703472135
20,11,6,experiment,0.0173481722312534
20,11,7,calcul,0.0171814430411404
20,11,8,cell,0.016931349255971
20,11,9,type,0.0158476095202368
20,11,10,condit,0.0157642449251803
20,12,1,reserv,0.0432463060628514
20,12,2,elsevi,0.040282439088175
20,12,3,present,0.0380159525781284
20,12,4,paper,0.0333086344418777
20,12,5,one,0.0327855990934054
20,12,6,two,0.0324369088610905
20,12,7,right,0.0314780107222246
20,12,8,base,0.0268578651440527
20,12,9,order,0.0237196530532189
20,12,10,well,0.0201455781719915
20,13,1,emiss,0.0866696280741429
20,13,2,scenario,0.0487097686063886
20,13,3,fuel,0.0462060331946856
20,13,4,carbon,0.0420062189557
20,13,5,polici,0.0386140613011348
20,13,6,sector,0.0371602794491782
20,13,7,vehicl,0.0361910915478738
20,13,8,reduc,0.0264992125348302
20,13,9,transport,0.0252069619997577
20,13,10,reduct,0.0243993054153374
20,14,1,predict,0.0738272858649377
20,14,2,model,0.0532047025739171
20,14,3,network,0.0466429715267742
20,14,4,use,0.0409405147834238
20,14,5,data,0.0321915400538999
20,14,6,perform,0.0307854548295122
20,14,7,method,0.0230519860953795
20,14,8,propos,0.0218021325625903
20,14,9,neural,0.0205522790298012
20,14,10,mean,0.0193024254970121
20,15,1,forecast,0.164093542158335
20,15,2,method,0.0659171851534006
20,15,3,time,0.037425445183437
20,15,4,approach,0.0340785239219052
20,15,5,base,0.0315039691053422
20,15,6,data,0.0269555889294143
20,15,7,paper,0.0256683115211328
20,15,8,error,0.0220639347779446
20,15,9,improv,0.0194035614674962
20,15,10,new,0.0188028320102982
20,16,1,factor,0.0420813119821406
20,16,2,household,0.0369295496501095
20,16,3,use,0.0332374533121539
20,16,4,adopt,0.0236208302923625
20,16,5,influenc,0.0224187524148886
20,16,6,behavior,0.0201004593654746
20,16,7,studi,0.0200145966599408
20,16,8,signific,0.0180397544326622
20,16,9,level,0.017009401966256
20,16,10,find,0.0166659511441205
20,17,1,energi,0.0393745334538168
20,17,2,countri,0.0353671472910855
20,17,3,gas,0.0353671472910855
20,17,4,econom,0.0346599614976624
20,17,5,demand,0.0305739991356618
20,17,6,growth,0.0301811181393156
20,17,7,will,0.0260951557773151
20,17,8,develop,0.0215377362196991
20,17,9,natur,0.0213020076218913
20,17,10,suppli,0.0210662790240836
20,18,1,chang,0.0757653382606139
20,18,2,increas,0.0676185276949565
20,18,3,climat,0.0657707974635703
20,18,4,impact,0.0578759501112838
20,18,5,futur,0.0333515306765212
20,18,6,region,0.0304119598538613
20,18,7,will,0.0304119598538613
20,18,8,project,0.0299080334271196
20,18,9,may,0.0186536765632218
20,18,10,signific,0.0179817746608995
20,19,1,studi,0.0888326707625587
20,19,2,differ,0.0628920210416416
20,19,3,effect,0.0538971208288158
20,19,4,result,0.0512468377303939
20,19,5,show,0.0469903224511103
20,19,6,analysi,0.0351845159217765
20,19,7,level,0.0329357908685701
20,19,8,higher,0.0245030719190459
20,19,9,compar,0.0244227603100028
20,19,10,investig,0.0220937236477533
20,20,1,product,0.0687084222417472
20,20,2,use,0.0477051169407138
20,20,3,process,0.0456968327685034
20,20,4,water,0.0399230157733986
20,20,5,plant,0.0287937743190661
20,20,6,potenti,0.0264507761181541
20,20,7,hydrogen,0.0231036358311368
20,20,8,cycl,0.0184176394293126
20,20,9,provid,0.0170787833145057
20,20,10,produc,0.0162419982427513
30,1,1,wind,0.188107443100267
30,1,2,generat,0.0866789693117354
30,1,3,speed,0.0339142915726881
30,1,4,turbin,0.0337775955163694
30,1,5,farm,0.0213382543913608
30,1,6,wave,0.0195612056592167
30,1,7,site,0.0176474608707539
30,1,8,result,0.0165538924202037
30,1,9,capac,0.0161438042512474
30,1,10,potenti,0.0158704121386098
30,2,1,approach,0.0842294573643411
30,2,2,applic,0.038337984496124
30,2,3,comput,0.0335007751937985
30,2,4,propos,0.0331286821705426
30,2,5,framework,0.0322604651162791
30,2,6,provid,0.0306480620155039
30,2,7,time,0.0294077519379845
30,2,8,perform,0.0271751937984496
30,2,9,demonstr,0.0248186046511628
30,2,10,methodolog,0.0225860465116279
30,3,1,variabl,0.063384536281252
30,3,2,larg,0.0460312359406131
30,3,3,can,0.0448743492512372
30,3,4,also,0.0410180602866508
30,3,5,state,0.0353621698052574
30,3,6,may,0.0338196542194229
30,3,7,level,0.0306060800822675
30,3,8,unit,0.0266212481521949
30,3,9,rang,0.0263641622212224
30,3,10,number,0.0246931036699017
30,4,1,urban,0.0508506237907799
30,4,2,area,0.0431116151844686
30,4,3,research,0.0400426979785176
30,4,4,plan,0.0379077990526386
30,4,5,author,0.0345720194809527
30,4,6,studi,0.0307025151777971
30,4,7,citi,0.0300353592634599
30,4,8,develop,0.0262992861431717
30,4,9,sustain,0.0261658549603042
30,4,10,provid,0.0233638001200881
30,5,1,demand,0.18633548144904
30,5,2,electr,0.150797722580242
30,5,3,load,0.111881373959832
30,5,4,peak,0.0440593130200838
30,5,5,charg,0.033047613088907
30,5,6,hour,0.0299192892448226
30,5,7,profil,0.0286679597071889
30,5,8,respons,0.0242883063254708
30,5,9,time,0.0237877745104173
30,5,10,daili,0.0202840518050429
30,6,1,electr,0.212417079925291
30,6,2,price,0.104862497584852
30,6,3,market,0.0720164874090294
30,6,4,vehicl,0.0574611966252335
30,6,5,find,0.0176595607651188
30,6,6,drive,0.016242674051652
30,6,7,polici,0.0131512848586333
30,6,8,hybrid,0.0105751271977845
30,6,9,howev,0.0104463193147421
30,6,10,batteri,0.0103175114316996
30,7,1,system,0.180854741610538
30,7,2,grid,0.0682005126065447
30,7,3,generat,0.0606902306729451
30,7,4,manag,0.0434046611432318
30,7,5,distribut,0.0410204446563748
30,7,6,oper,0.0367288549800322
30,7,7,integr,0.0354175359122608
30,7,8,smart,0.0325564761280324
30,7,9,flexibl,0.0226619777075758
30,7,10,transmiss,0.0168206473147762
30,8,1,design,0.0395545266846024
30,8,2,perform,0.0284176937996621
30,8,3,calcul,0.0277920290308453
30,8,4,process,0.0274166301695552
30,8,5,low,0.0224113120190202
30,8,6,predict,0.0224113120190202
30,8,7,concentr,0.0189075893136457
30,8,8,experiment,0.0167803290996684
30,8,9,high,0.0160295313770882
30,8,10,oper,0.015654132515798
30,9,1,energi,0.162669802999118
30,9,2,renew,0.0991590708615113
30,9,3,fuel,0.0718729785357248
30,9,4,gas,0.067638929726551
30,9,5,sourc,0.0598765069097324
30,9,6,natur,0.0370596883269627
30,9,7,suppli,0.0356483387239047
30,9,8,coal,0.0242399294325198
30,9,9,resourc,0.0224757424286974
30,9,10,fossil,0.021182005292561
30,10,1,solar,0.138579305870905
30,10,2,system,0.0883684722672722
30,10,3,photovolta,0.0481479078819332
30,10,4,year,0.0289458319818359
30,10,5,cell,0.0267401881284463
30,10,6,batteri,0.0241453130068115
30,10,7,instal,0.0228478754459942
30,10,8,modul,0.0223289004216672
30,10,9,panel,0.0198637690561142
30,10,10,compon,0.0185663314952968
30,11,1,data,0.158874168142133
30,11,2,use,0.126881983027047
30,11,3,estim,0.0802368886989438
30,11,4,method,0.047023627816106
30,11,5,measur,0.0309054276817877
30,11,6,avail,0.0232126503449539
30,11,7,predict,0.0222357897307528
30,11,8,provid,0.016252518468771
30,11,9,spatial,0.0138103669332682
30,11,10,can,0.0134440442029428
30,12,1,effici,0.109715232209976
30,12,2,use,0.064483659297955
30,12,3,improv,0.0570937121743008
30,12,4,save,0.0528890870867045
30,12,5,reduc,0.0349238708033382
30,12,6,achiev,0.0331400904631458
30,12,7,reduct,0.029572529782761
30,12,8,light,0.0225648213034338
30,12,9,due,0.0221825826591068
30,12,10,show,0.0209084538446837
30,13,1,rate,0.0709643945781179
30,13,2,total,0.0461897658732732
30,13,3,averag,0.0441144043063752
30,13,4,annual,0.0382774498994747
30,13,5,studi,0.0373694792139568
30,13,6,valu,0.0324404954925741
30,13,7,period,0.0321810752967118
30,13,8,higher,0.0320513651987807
30,13,9,increas,0.0303651339256761
30,13,10,respect,0.0262144107918801
30,14,1,heat,0.120374033447222
30,14,2,temperatur,0.0835701013007253
30,14,3,thermal,0.065467841515315
30,14,4,air,0.0484445243661212
30,14,5,condit,0.0478451117904454
30,14,6,cool,0.0477252292753102
30,14,7,comfort,0.0290235569142241
30,14,8,indoor,0.0193130731882755
30,14,9,ventil,0.0177546004915183
30,14,10,result,0.0171551879158425
30,15,1,differ,0.131364131479464
30,15,2,studi,0.0579355417440892
30,15,3,consid,0.0414044979816749
30,15,4,two,0.0398667264688922
30,15,5,result,0.0361504453130006
30,15,6,one,0.0360222976869354
30,15,7,type,0.033587492791696
30,15,8,case,0.0334593451656308
30,15,9,compar,0.0314089831485872
30,15,10,high,0.0293586211315435
30,16,1,control,0.096677838537073
30,16,2,oper,0.0530487446345622
30,16,3,optim,0.0530487446345622
30,16,4,propos,0.0492855882871759
30,16,5,strategi,0.0469336155700594
30,16,6,problem,0.0316457929088023
30,16,7,system,0.0315281942729464
30,16,8,schedul,0.0260010583877227
30,16,9,dynam,0.0235314870347504
30,16,10,method,0.020473922502499
30,17,1,predict,0.0775024323241573
30,17,2,network,0.0691466834544726
30,17,3,perform,0.0333199793967836
30,17,4,data,0.0301150346248498
30,17,5,neural,0.0298861099982831
30,17,6,algorithm,0.0286270245521662
30,17,7,propos,0.0255365420935157
30,17,8,method,0.025307617466949
30,17,9,test,0.0250786928403823
30,17,10,model,0.0237051450809821
30,18,1,build,0.190587453629367
30,18,2,energi,0.0795194064558995
30,18,3,simul,0.055046785892254
30,18,4,use,0.039875975859587
30,18,5,perform,0.0388793533026964
30,18,6,predict,0.0362216931509883
30,18,7,occup,0.0296882786113726
30,18,8,design,0.0259232600631194
30,18,9,tool,0.0242622224683019
30,18,10,measur,0.0192791096838492
30,19,1,chang,0.107496242861437
30,19,2,climat,0.0936699729486024
30,19,3,impact,0.0720288548241659
30,19,4,increas,0.0572407574391344
30,19,5,region,0.0436549443943493
30,19,6,futur,0.0386053501653141
30,19,7,will,0.0322332431620078
30,19,8,signific,0.0196092575894199
30,19,9,project,0.0176856026450256
30,19,10,assess,0.0160024045686805
30,20,1,emiss,0.126168720155633
30,20,2,scenario,0.0775924070034782
30,20,3,carbon,0.0607321818074633
30,20,4,polici,0.0450509933384425
30,20,5,sector,0.0430466309025526
30,20,6,transport,0.0327890113777044
30,20,7,reduct,0.0287802865059247
30,20,8,target,0.0274833461062312
30,20,9,reduc,0.0254789836703413
30,20,10,greenhous,0.020998644107764
30,21,1,model,0.453042788256119
30,21,2,use,0.0741134102423243
30,21,3,predict,0.0726484770798999
30,21,4,develop,0.0390770921076726
30,21,5,result,0.0306537264237319
30,21,6,accur,0.0202771165232253
30,21,7,paramet,0.0184459500701947
30,21,8,input,0.018201794543124
30,21,9,valid,0.0168589391442349
30,21,10,compar,0.015271928218275
30,22,1,forecast,0.234414909868622
30,22,2,error,0.0470638557897953
30,22,3,method,0.042175374274366
30,22,4,mean,0.0349648640391078
30,22,5,weather,0.0288542621448213
30,22,6,time,0.0266544454628781
30,22,7,improv,0.0212771157959059
30,22,8,base,0.0200549954170486
30,22,9,accuraci,0.0173663305835625
30,22,10,use,0.0168774824320196
30,23,1,demand,0.0531527958755878
30,23,2,econom,0.0464676222310351
30,23,3,countri,0.0461276981474137
30,23,4,growth,0.0438615375899383
30,23,5,develop,0.0400090646422299
30,23,6,project,0.0364965157781429
30,23,7,china,0.0287915698827262
30,23,8,will,0.0251657129907654
30,23,9,year,0.022333012293921
30,23,10,popul,0.0217664721545521
30,24,1,effect,0.100454225577378
30,24,2,analysi,0.0678267545262619
30,24,3,result,0.0673149510587934
30,24,4,studi,0.0492738788305291
30,24,5,factor,0.0424924828865716
30,24,6,indic,0.0385260060136907
30,24,7,elsevi,0.0351992834751455
30,24,8,ltd,0.0311048557353976
30,24,9,direct,0.0227880493890346
30,24,10,main,0.0213805898534963
30,25,1,household,0.0537442721737493
30,25,2,adopt,0.0349130625823865
30,25,3,use,0.0319000690477685
30,25,4,residenti,0.031146820664114
30,25,5,behavior,0.029640323896805
30,25,6,factor,0.0241165024166719
30,25,7,level,0.0198480949092963
30,25,8,pattern,0.0193459293201933
30,25,9,survey,0.0173372669637813
30,25,10,user,0.0169606427719541
30,26,1,product,0.108148718936621
30,26,2,process,0.0391832016952418
30,26,3,hydrogen,0.0353303795029859
30,26,4,environment,0.0341745328453092
30,26,5,potenti,0.0336608232196751
30,26,6,use,0.0307069928722789
30,26,7,industri,0.0294227188081937
30,26,8,impact,0.0289090091825596
30,26,9,cycl,0.0281384447441084
30,26,10,biomass,0.0206896551724138
30,27,1,paper,0.070775742345083
30,27,2,reserv,0.0649560214271543
30,27,3,present,0.0640301567356656
30,27,4,right,0.046041928443886
30,27,5,elsevi,0.0420739369089346
30,27,6,ltd,0.0337411546855367
30,27,7,order,0.0322862244560545
30,27,8,two,0.0280537001521063
30,27,9,first,0.0273923682296144
30,27,10,base,0.0243502413861517
30,28,1,technolog,0.092235863738544
30,28,2,develop,0.0490057063807712
30,28,3,challeng,0.0247968182604185
30,28,4,current,0.0228370511268661
30,28,5,new,0.0217995273502796
30,28,6,discuss,0.0216842469306588
30,28,7,advanc,0.0184563951812785
30,28,8,limit,0.0177647126635541
30,28,9,role,0.0166119084673468
30,28,10,research,0.0164966280477261
30,29,1,energi,0.544216665704221
30,29,2,consumpt,0.246590056014321
30,29,3,consum,0.0234567188312063
30,29,4,base,0.0175665530981117
30,29,5,aim,0.0095975053415718
30,29,6,establish,0.0056707281861754
30,29,7,find,0.0055552347404284
30,29,8,analyz,0.0050932609574406
30,29,9,major,0.0049777675116937
30,29,10,baselin,0.0045157937287059
30,30,1,cost,0.131525540331365
30,30,2,plant,0.0651378776586597
30,30,3,generat,0.0559651436106174
30,30,4,water,0.0540159376254085
30,30,5,storag,0.0475950237917789
30,30,6,increas,0.0444992260505647
30,30,7,capac,0.0397981998509431
30,30,8,oper,0.0240898927936708
30,30,9,can,0.022828641862065
30,30,10,econom,0.022599323510864
40,1,1,heat,0.146217261253374
40,1,2,temperatur,0.101714452469541
40,1,3,thermal,0.0779309841686729
40,1,4,air,0.0592543955643102
40,1,5,condit,0.0592543955643102
40,1,6,cool,0.0580871087765375
40,1,7,comfort,0.0308017801123513
40,1,8,pump,0.0217553075071132
40,1,9,predict,0.0216093966586416
40,1,10,indoor,0.0185452688407383
40,2,1,system,0.423690545363991
40,2,2,oper,0.124196895492654
40,2,3,integr,0.0289034614426828
40,2,4,compar,0.0235909355026148
40,2,5,reliabl,0.0230928861957334
40,2,6,case,0.0209346725325807
40,2,7,configur,0.0162862123350212
40,2,8,compon,0.0152901137212584
40,2,9,demonstr,0.0136299493649871
40,2,10,optim,0.0136299493649871
40,3,1,chang,0.136729989666958
40,3,2,climat,0.124330339400684
40,3,3,increas,0.0671011843255703
40,3,4,impact,0.0564502026865909
40,3,5,region,0.0451633415467769
40,3,6,futur,0.0206819807646451
40,3,7,hydropow,0.0203640410142278
40,3,8,will,0.0178205230108894
40,3,9,signific,0.0173436133852635
40,3,10,due,0.0170256736348462
40,4,1,area,0.0653320892357282
40,4,2,urban,0.0644838408686063
40,4,3,use,0.0402239375689202
40,4,4,citi,0.0359826957333107
40,4,5,assess,0.0336076003053694
40,4,6,potenti,0.03208075324455
40,4,7,studi,0.0290270591229112
40,4,8,ltd,0.0286877597760624
40,4,9,locat,0.0278395114089405
40,4,10,local,0.024446517940453
40,5,1,vehicl,0.0844754453765671
40,5,2,transport,0.0582712791026487
40,5,3,charg,0.0495993967386182
40,5,4,batteri,0.0492223583749647
40,5,5,drive,0.0271656141012348
40,5,6,predict,0.022452634555566
40,5,7,futur,0.0215100386464323
40,5,8,reduc,0.0211330002827788
40,5,9,rang,0.0207559619191253
40,5,10,result,0.0198133660099915
40,6,1,electr,0.325847277669243
40,6,2,demand,0.314295421727682
40,6,3,suppli,0.0557377049180328
40,6,4,plan,0.0207423766244797
40,6,5,period,0.01751465217022
40,6,6,estim,0.0142869277159602
40,6,7,import,0.0136074067782214
40,6,8,due,0.0105495625583963
40,6,9,side,0.0095302811517879
40,6,10,season,0.0083411195107449
40,7,1,product,0.139425107907062
40,7,2,water,0.0876297180641014
40,7,3,use,0.0698135733308844
40,7,4,potenti,0.0470382955275967
40,7,5,increas,0.0308751951510699
40,7,6,biomass,0.0295894939847553
40,7,7,avail,0.0233446597483699
40,7,8,requir,0.0227936449628065
40,7,9,suppli,0.0224263017724309
40,7,10,can,0.0209569290109285
40,8,1,cost,0.159414574960188
40,8,2,electr,0.131963297186623
40,8,3,price,0.12301509061955
40,8,4,market,0.0849472965799651
40,8,5,invest,0.0264047925987715
40,8,6,find,0.0197315538029878
40,8,7,econom,0.0159399408508379
40,8,8,tariff,0.015029953742322
40,8,9,benefit,0.014423295669978
40,8,10,trade,0.0127549859710321
40,9,1,load,0.162447219477136
40,9,2,peak,0.0627257209594825
40,9,3,respons,0.0479920941514689
40,9,4,hour,0.0418830293774144
40,9,5,profil,0.0418830293774144
40,9,6,time,0.0379301051118498
40,9,7,residenti,0.0325397538406253
40,9,8,day,0.0293055430778906
40,9,9,daili,0.0275087593208157
40,9,10,demand,0.0221184080495912
40,10,1,process,0.0757501479164906
40,10,2,materi,0.0274025864254923
40,10,3,high,0.0248668751584819
40,10,4,concentr,0.0243597329050799
40,10,5,work,0.0228383061448736
40,10,6,low,0.0208097371312653
40,10,7,phase,0.0194573577888598
40,10,8,captur,0.0184430732820556
40,10,9,pressur,0.0184430732820556
40,10,10,experiment,0.0170906939396501
40,11,1,use,0.202362136343899
40,11,2,estim,0.116039947894051
40,11,3,studi,0.0915501519756839
40,11,4,valu,0.0616760746851932
40,11,5,case,0.0298914459400782
40,11,6,can,0.0278072079895788
40,11,7,author,0.0265914025184542
40,11,8,predict,0.0212071211463309
40,11,9,respect,0.0189491966999566
40,11,10,show,0.0166912722535823
40,12,1,rate,0.0826380417988127
40,12,2,effect,0.082475400504188
40,12,3,increas,0.044417337562007
40,12,4,result,0.0429535659103846
40,12,5,higher,0.0413271529641376
40,12,6,studi,0.0380743270716435
40,12,7,averag,0.0343335772952753
40,12,8,total,0.0302675449296576
40,12,9,decreas,0.0297796210457835
40,12,10,investig,0.0297796210457835
40,13,1,can,0.0657287097575106
40,13,2,use,0.0380865679053215
40,13,3,also,0.0347761317553588
40,13,4,activ,0.0342795663328644
40,13,5,measur,0.0316312174128941
40,13,6,effect,0.0308036083754035
40,13,7,limit,0.0294794339154184
40,13,8,import,0.0263345195729537
40,13,9,loss,0.0248448233054705
40,13,10,qualiti,0.0190515600430357
40,14,1,solar,0.194648584257308
40,14,2,photovolta,0.0661779529002108
40,14,3,cell,0.0377714652249611
40,14,4,modul,0.0319069000274902
40,14,5,panel,0.0251259965179144
40,14,6,year,0.0245761935306515
40,14,7,instal,0.0243929258682306
40,14,8,irradi,0.022193713919179
40,14,9,predict,0.0207275726198112
40,14,10,radiat,0.0199945019701274
40,15,1,grid,0.0750658682634731
40,15,2,manag,0.0712335329341317
40,15,3,smart,0.04424750499002
40,15,4,challeng,0.0282794411177645
40,15,5,util,0.027001996007984
40,15,6,paper,0.0257245508982036
40,15,7,servic,0.0236487025948104
40,15,8,integr,0.0230099800399202
40,15,9,distribut,0.0199760479041916
40,15,10,user,0.019497005988024
40,16,1,energi,0.394289391136492
40,16,2,consumpt,0.332196573634682
40,16,3,consum,0.0386230193838977
40,16,4,predict,0.0212498994611116
40,16,5,base,0.0196412772460388
40,16,6,inform,0.0093460950695729
40,16,7,total,0.0072548861899782
40,16,8,factor,0.0062897128609346
40,16,9,around,0.00596798841792
40,16,10,final,0.0048419528673691
40,17,1,control,0.126102686475252
40,17,2,optim,0.0640597336617659
40,17,3,strategi,0.0580555769378801
40,17,4,propos,0.041120775921792
40,17,5,problem,0.0395812485566931
40,17,6,oper,0.0369640520360249
40,17,7,schedul,0.0331152336232777
40,17,8,algorithm,0.0232622584866446
40,17,9,minim,0.022646447540605
40,17,10,dynam,0.018489723654838
40,18,1,data,0.168461350492791
40,18,2,use,0.0746273519589476
40,18,3,variabl,0.0690885395454916
40,18,4,month,0.0306426651462084
40,18,5,correl,0.0257554777225707
40,18,6,regress,0.0229860715158426
40,18,7,relat,0.0220086340311151
40,18,8,period,0.0211941027938421
40,18,9,mean,0.0198908528142054
40,18,10,indic,0.0187505090820233
40,19,1,countri,0.0666884016627272
40,19,2,growth,0.0578857282582118
40,19,3,econom,0.0565816284945798
40,19,4,sector,0.0311516831037574
40,19,5,result,0.0270763713424077
40,19,6,polici,0.0269133588719537
40,19,7,per,0.0257722715787758
40,19,8,indic,0.0249572092265058
40,19,9,import,0.022185997228788
40,19,10,popul,0.022185997228788
40,20,1,differ,0.173140794223827
40,20,2,level,0.0906698756518251
40,20,3,type,0.0494344163658243
40,20,4,show,0.0439791415964701
40,20,5,analysi,0.0415724027276374
40,20,6,base,0.0378820697954272
40,20,7,compar,0.0322663457681508
40,20,8,depend,0.0221580425190533
40,20,9,actual,0.0205535499398315
40,20,10,calcul,0.0191095066185319
40,21,1,forecast,0.284493175206981
40,21,2,error,0.0583426568210636
40,21,3,weather,0.0295517267099276
40,21,4,time,0.0276124412620273
40,21,5,mean,0.027314089654658
40,21,6,model,0.023137167151488
40,21,7,improv,0.0225404639367495
40,21,8,seri,0.017319310807787
40,21,9,accuraci,0.0170209592004177
40,21,10,probabilist,0.0170209592004177
40,22,1,network,0.0857861283788503
40,22,2,predict,0.0525389397220088
40,22,3,data,0.0484878116923937
40,22,4,neural,0.0360550394635748
40,22,5,propos,0.0350771809736677
40,22,6,algorithm,0.0290703359642383
40,22,7,train,0.0258573723545435
40,22,8,accuraci,0.0254382901445834
40,22,9,perform,0.0254382901445834
40,22,10,model,0.0232031850247957
40,23,1,method,0.160200429491768
40,23,2,approach,0.101026008112622
40,23,3,propos,0.0784379225324107
40,23,4,base,0.0448739362125189
40,23,5,new,0.0378748111031576
40,23,6,paper,0.0338980354728386
40,23,7,applic,0.0272170524139028
40,23,8,techniqu,0.0270579813886901
40,23,9,time,0.0224449216575201
40,23,10,predict,0.0222858506323073
40,24,1,energi,0.197127527858027
40,24,2,effici,0.140008254230293
40,24,3,save,0.0705076351630211
40,24,4,improv,0.0696822121337185
40,24,5,reduc,0.0368303755674783
40,24,6,light,0.0277507222451506
40,24,7,combin,0.0262649607924061
40,24,8,result,0.0262649607924061
40,24,9,achiev,0.021312422616591
40,24,10,usag,0.0204869995872885
40,25,1,project,0.0766175427535661
40,25,2,futur,0.0696824020805422
40,25,3,will,0.0562849712349279
40,25,4,scenario,0.0525021672314603
40,25,5,year,0.0458822602253921
40,25,6,global,0.0424146898888801
40,25,7,expect,0.030593427378044
40,25,8,trend,0.0258649223737095
40,25,9,current,0.0249192213728426
40,25,10,need,0.0216092678698085
40,26,1,distribut,0.0608013142283472
40,26,2,state,0.0569681482157525
40,26,3,larg,0.0469289038970521
40,26,4,provid,0.0441909281737702
40,26,5,requir,0.0407228255909464
40,26,6,number,0.0385324450123209
40,26,7,unit,0.0326914301359861
40,26,8,scale,0.0295883909829333
40,26,9,term,0.0268504152596514
40,26,10,addit,0.0241124395363694
40,27,1,energi,0.423991523499584
40,27,2,renew,0.111117838492394
40,27,3,sourc,0.0611670324680239
40,27,4,target,0.0281692272761674
40,27,5,polici,0.027261030802997
40,27,6,transit,0.0171195035192613
40,27,7,share,0.0165140392038144
40,27,8,european,0.0153031105729206
40,27,9,develop,0.0148490123363354
40,27,10,sustain,0.0148490123363354
40,28,1,wind,0.24409756097561
40,28,2,generat,0.0546518847006652
40,28,3,turbin,0.0443636363636364
40,28,4,speed,0.0440088691796009
40,28,5,predict,0.0289312638580931
40,28,6,farm,0.027689578713969
40,28,7,wave,0.0248514412416851
40,28,8,output,0.023609756097561
40,28,9,product,0.0150953436807095
40,28,10,offshor,0.0138536585365854
40,29,1,build,0.251759864795356
40,29,2,energi,0.0909839077081343
40,29,3,occup,0.0392534352266882
40,29,4,use,0.0344037034315527
40,29,5,measur,0.0266147402454258
40,29,6,perform,0.0216180468807407
40,29,7,ventil,0.021177162172092
40,29,8,predict,0.0210302006025424
40,29,9,hous,0.0208832390329929
40,29,10,offic,0.0207362774634433
40,30,1,plant,0.0862954487668447
40,30,2,reserv,0.0844308839732181
40,30,3,elsevi,0.0657852360369523
40,30,4,right,0.0605305534367319
40,30,5,ltd,0.0500211882362912
40,30,6,paper,0.0476481057716756
40,30,7,present,0.0320535638613442
40,30,8,order,0.0249343164674972
40,30,9,refer,0.0203576574285956
40,30,10,take,0.0198491397576066
40,31,1,generat,0.199547203984605
40,31,2,storag,0.069292883555958
40,31,3,capac,0.0686891555354313
40,31,4,increas,0.0463512187759414
40,31,5,can,0.0336729303448796
40,31,6,renew,0.0330692023243529
40,31,7,penetr,0.0235604860010565
40,31,8,high,0.0234095539959248
40,31,9,variabl,0.0214474379292129
40,31,10,flexibl,0.0194853218625009
40,32,1,model,0.54020415879017
40,32,2,predict,0.0682192816635161
40,32,3,develop,0.0518865784499055
40,32,4,use,0.0406956521739131
40,32,5,result,0.0323780718336484
40,32,6,accur,0.0199773156899811
40,32,7,paramet,0.0164990548204159
40,32,8,valid,0.0163478260869565
40,32,9,show,0.0125671077504726
40,32,10,input,0.011054820415879
40,33,1,household,0.0671150387111911
40,33,2,factor,0.0522561977007899
40,33,3,adopt,0.0380229921013529
40,33,4,influenc,0.0303589583170407
40,33,5,behavior,0.0253538750293267
40,33,6,group,0.0217564714162822
40,33,7,survey,0.0216000625635411
40,33,8,behaviour,0.0203487917416126
40,33,9,identifi,0.0203487917416126
40,33,10,home,0.0200359740361304
40,34,1,emiss,0.167870856515947
40,34,2,carbon,0.0815139879319803
40,34,3,scenario,0.0663114176005015
40,34,4,sector,0.0479742966852128
40,34,5,reduct,0.0475041140976413
40,34,6,polici,0.0396677376381161
40,34,7,greenhous,0.0307342684742575
40,34,8,reduc,0.0254055324817804
40,34,9,ghg,0.0205469790768749
40,34,10,industri,0.0174124284930648
40,35,1,two,0.0797117805365049
40,35,2,one,0.074155742685997
40,35,3,first,0.0481118152617415
40,35,4,base,0.0408195155829499
40,35,5,paper,0.0408195155829499
40,35,6,structur,0.0389096275718378
40,35,7,present,0.0326590849900165
40,35,8,well,0.0317909540758746
40,35,9,consid,0.0269294209566803
40,35,10,second,0.0265821685910235
40,36,1,impact,0.0826390685640362
40,36,2,environment,0.0753945666235446
40,36,3,studi,0.051246226821906
40,36,4,assess,0.048141440275981
40,36,5,sustain,0.0457266062958172
40,36,6,analysi,0.0445191893057352
40,36,7,cycl,0.0346873652436395
40,36,8,develop,0.0298576972833118
40,36,9,evalu,0.0279603277274687
40,36,10,life,0.0276153514445882
40,37,1,plan,0.0532616783794957
40,37,2,provid,0.0522695328648202
40,37,3,can,0.0463166597767673
40,37,4,methodolog,0.0420173625465068
40,37,5,framework,0.0317651922281935
40,37,6,decis,0.0306076891277387
40,37,7,risk,0.0304423315419595
40,37,8,inform,0.0243241008681273
40,37,9,integr,0.0223398098387764
40,37,10,howev,0.0216783794956594
40,38,1,technolog,0.128376567058267
40,38,2,develop,0.0438539777655129
40,38,3,new,0.0343924938894583
40,38,4,research,0.0307655917369707
40,38,5,role,0.0266656153906804
40,38,6,discuss,0.0214617992588504
40,38,7,review,0.019884885279508
40,38,8,current,0.0190964282898368
40,38,9,challeng,0.0189387368919025
40,38,10,howev,0.0178348971063629
40,39,1,simul,0.122244618237523
40,39,2,perform,0.110795775215674
40,39,3,design,0.065645408368943
40,39,4,predict,0.0454889945980811
40,39,5,tool,0.0454889945980811
40,39,6,result,0.0424252197049101
40,39,7,use,0.0401677013625736
40,39,8,test,0.0290413609610578
40,39,9,evalu,0.0271063452390551
40,39,10,dynam,0.0211400467628799
40,40,1,gas,0.0989249161434592
40,40,2,fuel,0.0953126343854821
40,40,3,natur,0.0526533069579427
40,40,4,hydrogen,0.0466328373613142
40,40,5,china,0.0430205556033371
40,40,6,coal,0.0359680055044293
40,40,7,oil,0.0289154554055216
40,40,8,nuclear,0.0259912273157306
40,40,9,resourc,0.0247871333964049
40,40,10,fossil,0.0234110260600327
50,1,1,build,0.292496380206115
50,1,2,energi,0.111080827868154
50,1,3,occup,0.0456690230815092
50,1,4,consumpt,0.038344263691338
50,1,5,predict,0.0264202367771059
50,1,6,perform,0.0242057746358913
50,1,7,stock,0.021650626011413
50,1,8,measur,0.0213099395281492
50,1,9,retrofit,0.0206285665616217
50,1,10,offic,0.0189251341453028
50,2,1,wind,0.27324391455539
50,2,2,generat,0.0651962245404868
50,2,3,turbin,0.0492995529061103
50,2,4,speed,0.0449279682066567
50,2,5,farm,0.0308196721311475
50,2,6,wave,0.0282364629905614
50,2,7,output,0.021679085941381
50,2,8,site,0.0181023348236463
50,2,9,tidal,0.0177049180327869
50,2,10,offshor,0.0153204172876304
50,3,1,adopt,0.0540524132348477
50,3,2,need,0.0247090964282101
50,3,3,find,0.0220783163007184
50,3,4,toward,0.0212688454922594
50,3,5,social,0.0196499038753415
50,3,6,public,0.0178285945563088
50,3,7,posit,0.0168167560457351
50,3,8,prefer,0.0168167560457351
50,3,9,suggest,0.0164120206415056
50,3,10,limit,0.0160072852372761
50,4,1,distribut,0.068582418825659
50,4,2,term,0.0491232039823509
50,4,3,author,0.0393935965606969
50,4,4,experi,0.0303427989591583
50,4,5,limit,0.0289851793189275
50,4,6,articl,0.0278538296187352
50,4,7,well,0.0274012897386582
50,4,8,one,0.0267224799185428
50,4,9,base,0.0228758909378889
50,4,10,number,0.0212920013576196
50,5,1,countri,0.0823282842716967
50,5,2,growth,0.0741354672763647
50,5,3,econom,0.0611793845860722
50,5,4,consumpt,0.0463179956177956
50,5,5,develop,0.0461274649899971
50,5,6,gdp,0.0249785653043727
50,5,7,popul,0.024216442793179
50,5,8,economi,0.0238353815375822
50,5,9,will,0.021930075259598
50,5,10,trend,0.0211679527484043
50,6,1,forecast,0.371896909252493
50,6,2,error,0.0353707909548731
50,6,3,probabilist,0.0225338204799052
50,6,4,seri,0.0207563937987558
50,6,5,improv,0.0199664263849116
50,6,6,statist,0.0177940159968401
50,6,7,reliabl,0.017201540436457
50,6,8,uncertainti,0.0168065567295349
50,6,9,horizon,0.0158190974622297
50,6,10,techniqu,0.0146341463414634
50,7,1,variabl,0.0909746569167585
50,7,2,factor,0.0881698888109787
50,7,3,influenc,0.0396874686967845
50,7,4,signific,0.0320745266953821
50,7,5,indic,0.028268055694681
50,7,6,studi,0.0266653310628068
50,7,7,variat,0.0254632875889011
50,7,8,determin,0.0242612441149955
50,7,9,relat,0.0238605629570269
50,7,10,import,0.0204547731142943
50,8,1,urban,0.0832732437452202
50,8,2,area,0.0786845842893041
50,8,3,studi,0.07562547798536
50,8,4,energi,0.0622965148038894
50,8,5,citi,0.0465639680978914
50,8,6,assess,0.0293018682399213
50,8,7,use,0.0293018682399213
50,8,8,potenti,0.0264612695291161
50,8,9,implement,0.0262427619359773
50,8,10,elsevi,0.025150223970283
50,9,1,electr,0.181947079380929
50,9,2,price,0.162176734897654
50,9,3,market,0.111452820768847
50,9,4,find,0.0219870194707938
50,9,5,elast,0.0195906140788817
50,9,6,tariff,0.0185921118322516
50,9,7,also,0.0169945082376435
50,9,8,trade,0.0153969046430354
50,9,9,polici,0.0145981028457314
50,9,10,produc,0.0139990014977534
50,10,1,solar,0.231600651112317
50,10,2,photovolta,0.0801085187194791
50,10,3,modul,0.0373521432447097
50,10,4,instal,0.0356158437330439
50,10,5,panel,0.0304069451980467
50,10,6,irradi,0.025849158979924
50,10,7,radiat,0.0234617471513836
50,10,8,year,0.0234617471513836
50,10,9,loss,0.0217254476397178
50,10,10,system,0.0191209983722192
50,11,1,load,0.200806722689076
50,11,2,peak,0.077781512605042
50,11,3,respons,0.0603025210084034
50,11,4,demand,0.0560448179271709
50,11,5,profil,0.0497703081232493
50,11,6,activ,0.0273613445378151
50,11,7,custom,0.0253445378151261
50,11,8,flexibl,0.0206386554621849
50,11,9,util,0.0204145658263305
50,11,10,daili,0.0201904761904762
50,12,1,use,0.122583489474264
50,12,2,can,0.08224402072082
50,12,3,light,0.0370549983467431
50,12,4,intern,0.0297806679157941
50,12,5,standard,0.0286784966383776
50,12,6,rang,0.0262537198280613
50,12,7,within,0.026033285572578
50,12,8,report,0.0216246004629119
50,12,9,equip,0.0207428634409787
50,12,10,import,0.0198611264190455
50,13,1,system,0.485297986441364
50,13,2,oper,0.0943235859556815
50,13,3,integr,0.0315895983001113
50,13,4,requir,0.027137508853587
50,13,5,provid,0.0259233026408985
50,13,6,reliabl,0.0243043610239806
50,13,7,convent,0.0182333299605383
50,13,8,configur,0.0178285945563088
50,13,9,combin,0.0166143883436204
50,13,10,hybrid,0.0117575634928665
50,14,1,gas,0.0983641884611617
50,14,2,fuel,0.0936624546968361
50,14,3,natur,0.0538936232735821
50,14,4,will,0.0480164560681751
50,14,5,china,0.0474287393476344
50,14,6,coal,0.0413556665687139
50,14,7,oil,0.0329317269076305
50,14,8,fossil,0.0321481046135763
50,14,9,nuclear,0.0290136154373592
50,14,10,global,0.0243118816730336
50,15,1,product,0.196049382716049
50,15,2,potenti,0.0710896403650027
50,15,3,use,0.0519806763285024
50,15,4,biomass,0.0348040794417606
50,15,5,suppli,0.0283628556092324
50,15,6,global,0.0272893183038111
50,15,7,avail,0.0206333870101986
50,15,8,sourc,0.0191304347826087
50,15,9,produc,0.0187010198604401
50,15,10,food,0.0174127750939345
50,16,1,heat,0.205310307609282
50,16,2,water,0.101910415542364
50,16,3,cool,0.0801079330814895
50,16,4,use,0.036287101996762
50,16,5,predict,0.0354236373448462
50,16,6,pump,0.0334808418780356
50,16,7,requir,0.0295952509444145
50,16,8,total,0.0233351322180248
50,16,9,annual,0.0211764705882353
50,16,10,reduc,0.0211764705882353
50,17,1,household,0.086643109540636
50,17,2,use,0.0771529530540131
50,17,3,residenti,0.0650378596668349
50,17,4,consumpt,0.0601918223119637
50,17,5,behavior,0.0430287733467945
50,17,6,applianc,0.0284906612821807
50,17,7,behaviour,0.0254618879353862
50,17,8,home,0.0248561332660273
50,17,9,group,0.0246542150429076
50,17,10,pattern,0.0234427057041898
50,18,1,propos,0.0672046807222839
50,18,2,predict,0.0550993644708968
50,18,3,algorithm,0.0508625037829113
50,18,4,improv,0.0452133561989307
50,18,5,accuraci,0.033713305760113
50,18,6,perform,0.0316957530515485
50,18,7,featur,0.0292746898012711
50,18,8,train,0.0272571370927065
50,18,9,dataset,0.0240290527590033
50,18,10,data,0.023423786946434
50,19,1,energi,0.579879420498515
50,19,2,renew,0.134095203815351
50,19,3,sourc,0.0662467380545307
50,19,4,share,0.0212543867542518
50,19,5,elsevi,0.0072167731485647
50,19,6,transit,0.0072167731485647
50,19,7,concern,0.0068568343381625
50,19,8,employ,0.0054170790965535
50,19,9,author,0.004517232070548
50,19,10,ensur,0.0043372626653468
50,20,1,method,0.229884338855892
50,20,2,use,0.0685839324788997
50,20,3,base,0.0602479941648432
50,20,4,predict,0.0433677190788788
50,20,5,new,0.0427425237053246
50,20,6,structur,0.0412837345003647
50,20,7,paper,0.0396165468375534
50,20,8,result,0.0344065853912681
50,20,9,obtain,0.0316974054391998
50,20,10,can,0.0314890069813483
50,21,1,control,0.171973448530187
50,21,2,strategi,0.0872616162680434
50,21,3,predict,0.0510167527130966
50,21,4,propos,0.0499631229585924
50,21,5,scheme,0.027415446212201
50,21,6,dynam,0.0246760088504899
50,21,7,effect,0.023200927194184
50,21,8,frequenc,0.0185649562743652
50,21,9,regul,0.0179327784216626
50,21,10,voltag,0.0173006005689601
50,22,1,chang,0.156087236587835
50,22,2,climat,0.1428361093218
50,22,3,impact,0.076948559860127
50,22,4,futur,0.0497101315910555
50,22,5,increas,0.0336983528112635
50,22,6,will,0.0322260053372596
50,22,7,hydropow,0.0232078770589859
50,22,8,project,0.016766356860219
50,22,9,scenario,0.0162142265574676
50,22,10,assess,0.0158461396889666
50,23,1,time,0.0735272802567554
50,23,2,weather,0.0577906615591676
50,23,3,day,0.0507505952997205
50,23,4,hour,0.0497152914380371
50,23,5,period,0.0493011698933637
50,23,6,month,0.0416399213169065
50,23,7,season,0.0397763743658764
50,23,8,year,0.0356351589191428
50,23,9,averag,0.0275597887980122
50,23,10,extrem,0.0215550264002485
50,24,1,temperatur,0.121448629805365
50,24,2,thermal,0.0989832477970369
50,24,3,air,0.077292534133824
50,24,4,condit,0.0740001936670863
50,24,5,comfort,0.045724799070398
50,24,6,indoor,0.0313934346857751
50,24,7,ventil,0.0288757625641522
50,24,8,effect,0.0219037474581195
50,24,9,simul,0.0160937348697589
50,24,10,experiment,0.0157064006972015
50,25,1,data,0.255788475718951
50,25,2,estim,0.10557252712525
50,25,3,use,0.0929316338354577
50,25,4,predict,0.0491098704308438
50,25,5,provid,0.0389971557990098
50,25,6,histor,0.0324660275992837
50,25,7,avail,0.0320446644896239
50,25,8,inform,0.0301485304961551
50,25,9,set,0.0267776256188771
50,25,10,model,0.0223533129674497
50,26,1,optim,0.0905775075987842
50,26,2,oper,0.0750655067602977
50,26,3,problem,0.0555706948957132
50,26,4,schedul,0.0461377214128498
50,26,5,uncertainti,0.0310449638402683
50,26,6,minim,0.0299968556755057
50,26,7,propos,0.027691017713028
50,26,8,stochast,0.027691017713028
50,26,9,unit,0.0258044230164553
50,26,10,program,0.0247563148516927
50,27,1,perform,0.0783946065521964
50,27,2,design,0.077341198778047
50,27,3,effici,0.0665964394817234
50,27,4,cell,0.0432107868956073
50,27,5,devic,0.0314126198251343
50,27,6,oper,0.0314126198251343
50,27,7,test,0.0282523965026862
50,27,8,engin,0.0274096702833667
50,27,9,condit,0.0269883071737069
50,27,10,current,0.0269883071737069
50,28,1,provid,0.0608507414222319
50,28,2,methodolog,0.0589024786232276
50,28,3,plan,0.0578201104015586
50,28,4,can,0.038770429700184
50,28,5,risk,0.037688061478515
50,28,6,decis,0.0346574304578417
50,28,7,integr,0.0318432730815023
50,28,8,framework,0.0279467474834939
50,28,9,support,0.0275138001948263
50,28,10,util,0.0166901179781362
50,29,1,model,0.0872452961068239
50,29,2,network,0.083083326107691
50,29,3,predict,0.0534292898638689
50,29,4,neural,0.0449319344489725
50,29,5,error,0.0362611636174456
50,29,6,mean,0.0319257782016821
50,29,7,use,0.0298447932021157
50,29,8,data,0.0284574698690714
50,29,9,ann,0.0251625769530911
50,29,10,artifici,0.0249891615364606
50,30,1,simul,0.133635174564846
50,30,2,use,0.0927859945668578
50,30,3,perform,0.0662239661937821
50,30,4,predict,0.0527417245195694
50,30,5,tool,0.0438877150618774
50,30,6,evalu,0.0428815776235034
50,30,7,calcul,0.0392594828453567
50,30,8,design,0.031210383338364
50,30,9,model,0.0283931985109166
50,30,10,dynam,0.0267833786095181
50,31,1,plant,0.123969832768609
50,31,2,valu,0.0542354355667286
50,31,3,use,0.0468029292818887
50,31,4,can,0.031937916712209
50,31,5,also,0.0315007104601596
50,31,6,captur,0.0284402666958137
50,31,7,consid,0.0284402666958137
50,31,8,studi,0.0264728385615914
50,31,9,option,0.0253798229314679
50,31,10,measur,0.0251612198054432
50,32,1,develop,0.0669414188990286
50,32,2,research,0.0628201354136002
50,32,3,present,0.0412324600137376
50,32,4,paper,0.040643705230105
50,32,5,new,0.0394661956628398
50,32,6,discuss,0.0369149249337651
50,32,7,sustain,0.0369149249337651
50,32,8,role,0.0300461191247179
50,32,9,key,0.0261210872338338
50,32,10,review,0.0247473260720243
50,33,1,scenario,0.121327267861921
50,33,2,energi,0.076014628489876
50,33,3,polici,0.0753010436178753
50,33,4,project,0.0631701007938632
50,33,5,sector,0.0583534029078583
50,33,6,futur,0.0439033092498439
50,33,7,target,0.0419409508518419
50,33,8,year,0.0308803853358309
50,33,9,nation,0.0223173668718223
50,33,10,altern,0.021960574435822
50,34,1,process,0.0985616647964909
50,34,2,materi,0.035111700499847
50,34,3,industri,0.0342956237886361
50,34,4,high,0.0312353361215954
50,34,5,concentr,0.0281750484545547
50,34,6,phase,0.0218504539426706
50,34,7,wast,0.0198102621646435
50,34,8,produc,0.019402223809038
50,34,9,chemic,0.0187901662756299
50,34,10,manufactur,0.017974089564419
50,35,1,differ,0.212119936875329
50,35,2,level,0.0848185165702262
50,35,3,type,0.0663019463440294
50,35,4,two,0.0439978958442925
50,35,5,high,0.0404208311415045
50,35,6,show,0.0336875328774329
50,35,7,compar,0.0309521304576539
50,35,8,base,0.0267438190426092
50,35,9,one,0.0254813256180957
50,35,10,also,0.0250604944765913
50,36,1,model,0.606357874207704
50,36,2,develop,0.0487762067284252
50,36,3,predict,0.0368795709410044
50,36,4,result,0.026153096050707
50,36,5,valid,0.021862506094588
50,36,6,accur,0.0204973183812774
50,36,7,paramet,0.0189371038517796
50,36,8,appli,0.0142564602632862
50,36,9,best,0.0103559239395417
50,36,10,elsevi,0.0078205753291077
50,37,1,electr,0.355088473946622
50,37,2,demand,0.329475021996285
50,37,3,suppli,0.0600449701828136
50,37,4,ltd,0.0205494183204614
50,37,5,plan,0.0176165803108808
50,37,6,import,0.0170300127089647
50,37,7,elsevi,0.0162479225730765
50,37,8,side,0.0082314986802228
50,37,9,examin,0.0068628409424186
50,37,10,grow,0.0062762733405024
50,38,1,generat,0.254099455951131
50,38,2,storag,0.0861124367662499
50,38,3,capac,0.0801947122267825
50,38,4,increas,0.0397251121504247
50,38,5,renew,0.0395342178104419
50,38,6,can,0.0286532404314212
50,38,7,balanc,0.0275078743915243
50,38,8,penetr,0.026744297031593
50,38,9,resourc,0.0240717762718335
50,38,10,grid,0.0212083611720912
50,39,1,reserv,0.103458303042891
50,39,2,elsevi,0.0837262436390072
50,39,3,right,0.07437947865822
50,39,4,ltd,0.0583861252466508
50,39,5,paper,0.0558936545851075
50,39,6,present,0.0504933014850971
50,39,7,order,0.0457160660504725
50,39,8,result,0.0372001246235331
50,39,9,first,0.0367847128466092
50,39,10,account,0.0261917125350504
50,40,1,vehicl,0.102358974358974
50,40,2,transport,0.0681709401709402
50,40,3,charg,0.059054131054131
50,40,4,batteri,0.0588262108262108
50,40,5,drive,0.0319316239316239
50,40,6,fuel,0.0314757834757835
50,40,7,show,0.0269173789173789
50,40,8,road,0.0205356125356125
50,40,9,rang,0.0193960113960114
50,40,10,time,0.0178005698005698
50,41,1,rate,0.117280711760009
50,41,2,total,0.0641268392836774
50,41,3,hydrogen,0.0620736854112011
50,41,4,use,0.0570548648340367
50,41,5,respect,0.0563704802098779
50,41,6,averag,0.0406296338542261
50,41,7,annual,0.0358389414851146
50,41,8,energi,0.0351545568609559
50,41,9,result,0.0303638644918444
50,41,10,per,0.0276263259952093
50,42,1,energi,0.386689448953439
50,42,2,consumpt,0.253071337035455
50,42,3,effici,0.0816915847928236
50,42,4,save,0.060333190944041
50,42,5,improv,0.0302605724049551
50,42,6,consum,0.0198376762067493
50,42,7,usag,0.0143699273814609
50,42,8,reduc,0.0138573259290901
50,42,9,conserv,0.0133447244767194
50,42,10,energyeffici,0.0061683041435284
50,43,1,region,0.0827623946590785
50,43,2,state,0.0615300426835942
50,43,3,scale,0.0451132756922403
50,43,4,unit,0.0361387764036336
50,43,5,across,0.0284776184743351
50,43,6,larg,0.0251942650760644
50,43,7,spatial,0.0243187041698588
50,43,8,level,0.0230053628105505
50,43,9,within,0.0190653387326256
50,43,10,resourc,0.01818977782642
50,44,1,emiss,0.214917851023082
50,44,2,carbon,0.102832375768572
50,44,3,reduct,0.071585525652656
50,44,4,greenhous,0.0397338977925612
50,44,5,reduc,0.0365084164902732
50,44,6,ghg,0.0264287874206229
50,44,7,sector,0.0230017135369418
50,44,8,industri,0.0205826025602258
50,44,9,account,0.0173571212579377
50,44,10,dioxid,0.0167523435137587
50,45,1,studi,0.155811836115326
50,45,2,analysi,0.0704299443601416
50,45,3,case,0.0483763277693475
50,45,4,result,0.0431158320687911
50,45,5,evalu,0.036236722306525
50,45,6,analyz,0.0348204350025291
50,45,7,show,0.0338088012139606
50,45,8,base,0.0317855336368235
50,45,9,three,0.0303692463328275
50,45,10,compar,0.0271320182094082
50,46,1,approach,0.167447281975204
50,46,2,time,0.0525802691533326
50,46,3,applic,0.0502490198156194
50,46,4,propos,0.0413478859807142
50,46,5,paper,0.0322348203878351
50,46,6,base,0.0296916392921479
50,46,7,techniqu,0.0273603899544347
50,46,8,adapt,0.0258768676486171
50,46,9,comput,0.0237575500688778
50,46,10,set,0.0205785736992688
50,47,1,technolog,0.155456479886513
50,47,2,environment,0.0758131522950654
50,47,3,impact,0.0715574019657513
50,47,4,assess,0.044806971324349
50,47,5,analysi,0.0362954706657209
50,47,6,cycl,0.0346742324450299
50,47,7,develop,0.0338636133346844
50,47,8,life,0.0304184821157159
50,47,9,signific,0.0259600770088155
50,47,10,sustain,0.0253521126760563
50,48,1,increas,0.16742671009772
50,48,2,effect,0.12715427894581
50,48,3,result,0.0783930510314875
50,48,4,decreas,0.0513473497186852
50,48,5,due,0.0426611390780772
50,48,6,higher,0.0391076892705557
50,48,7,show,0.0320007896555128
50,48,8,investig,0.0318033757773171
50,48,9,indic,0.0316059618991215
50,48,10,signific,0.0274602704570131
50,49,1,grid,0.0920280288412715
50,49,2,manag,0.0861379100233574
50,49,3,smart,0.0558748857520057
50,49,4,challeng,0.0355641312074743
50,49,5,distribut,0.0335330557530212
50,49,6,network,0.0270336142987712
50,49,7,servic,0.0262211841169899
50,49,8,paper,0.0260180765715446
50,49,9,user,0.0241901086625368
50,49,10,resourc,0.0217528181171931
50,50,1,cost,0.246213633021741
50,50,2,econom,0.065350278332108
50,50,3,invest,0.0393025942653083
50,50,4,benefit,0.0336309211217309
50,50,5,reduc,0.0248083184539439
50,50,6,can,0.0237580086125407
50,50,7,current,0.0197668312152085
50,50,8,exist,0.0193467072786472
50,50,9,achiev,0.0178762735006827
50,50,10,profit,0.0155655918495956
