"Term_ID","Term"
1,"abil"
2,"abl"
3,"ablat"
4,"abnorm"
5,"absenc"
6,"absolut"
7,"absorb"
8,"absorpt"
9,"abstract"
10,"abund"
11,"acceler"
12,"accept"
13,"access"
14,"accommod"
15,"accomplish"
16,"accord"
17,"account"
18,"accumul"
19,"accur"
20,"accuraci"
21,"achiev"
22,"acid"
23,"acquir"
24,"acquisit"
25,"across"
26,"act"
27,"action"
28,"activ"
29,"actual"
30,"actuat"
31,"adapt"
32,"add"
33,"addit"
34,"address"
35,"adequ"
36,"adjac"
37,"adjust"
38,"adopt"
39,"advanc"
40,"advantag"
41,"advers"
42,"adversari"
43,"aerial"
44,"aerodynam"
45,"affect"
46,"afford"
47,"aforement"
48,"age"
49,"agent"
50,"aggreg"
51,"agre"
52,"agreement"
53,"agricultur"
54,"ahead"
55,"aid"
56,"aidriven"
57,"aim"
58,"air"
59,"aircondit"
60,"airflow"
61,"algorithm"
62,"align"
63,"allevi"
64,"alloc"
65,"allow"
66,"alloy"
67,"almost"
68,"alon"
69,"along"
70,"alongsid"
71,"alreadi"
72,"also"
73,"alter"
74,"altern"
75,"although"
76,"alway"
77,"ambient"
78,"american"
79,"among"
80,"amount"
81,"amplifi"
82,"amplitud"
83,"analys"
84,"analysi"
85,"analyt"
86,"analyz"
87,"andor"
88,"anfi"
89,"angl"
90,"ann"
91,"annual"
92,"anomali"
93,"anoth"
94,"anticip"
95,"apart"
96,"appear"
97,"appli"
98,"applianc"
99,"applic"
100,"approach"
101,"appropri"
102,"approxim"
103,"architectur"
104,"area"
105,"arima"
106,"aris"
107,"around"
108,"arrang"
109,"array"
110,"arriv"
111,"articl"
112,"artifici"
113,"asm"
114,"aspect"
115,"assess"
116,"asset"
117,"assign"
118,"assist"
119,"associ"
120,"assum"
121,"assumpt"
122,"atmospher"
123,"attack"
124,"attain"
125,"attempt"
126,"attent"
127,"attract"
128,"attribut"
129,"augment"
130,"australia"
131,"author"
132,"autoencod"
133,"autom"
134,"automat"
135,"automot"
136,"autonom"
137,"autoregress"
138,"auxiliari"
139,"avail"
140,"averag"
141,"avoid"
142,"awar"
143,"back"
144,"background"
145,"backpropag"
146,"balanc"
147,"band"
148,"bandwidth"
149,"barrier"
150,"base"
151,"basel"
152,"baselin"
153,"basi"
154,"basic"
155,"batch"
156,"batteri"
157,"bayesian"
158,"beam"
159,"becom"
160,"bed"
161,"begin"
162,"behalf"
163,"behavior"
164,"behaviour"
165,"benchmark"
166,"benefici"
167,"benefit"
168,"besid"
169,"best"
170,"better"
171,"beyond"
172,"bias"
173,"bid"
174,"bidirect"
175,"big"
176,"bill"
177,"billion"
178,"bilstm"
179,"binari"
180,"biolog"
181,"biomass"
182,"bit"
183,"blade"
184,"blend"
185,"block"
186,"bodi"
187,"boiler"
188,"boost"
189,"bottleneck"
190,"bound"
191,"boundari"
192,"brake"
193,"branch"
194,"brazil"
195,"bridg"
196,"bring"
197,"broad"
198,"broader"
199,"brought"
200,"budget"
201,"buffer"
202,"build"
203,"built"
204,"bulk"
205,"burden"
206,"bus"
207,"busi"
208,"calcul"
209,"calibr"
210,"call"
211,"campus"
212,"can"
213,"candid"
214,"capabl"
215,"capac"
216,"capit"
217,"capita"
218,"captur"
219,"car"
220,"carbon"
221,"care"
222,"carlo"
223,"carri"
224,"carrier"
225,"cascad"
226,"case"
227,"categor"
228,"categori"
229,"caus"
230,"causal"
231,"cell"
232,"center"
233,"centr"
234,"central"
235,"certain"
236,"cfd"
237,"chain"
238,"challeng"
239,"chamber"
240,"chang"
241,"channel"
242,"chaotic"
243,"character"
244,"characteris"
245,"characterist"
246,"charg"
247,"check"
248,"chemic"
249,"chiller"
250,"china"
251,"chines"
252,"chip"
253,"choic"
254,"choos"
255,"chosen"
256,"circuit"
257,"circul"
258,"citi"
259,"class"
260,"classic"
261,"classif"
262,"classifi"
263,"clean"
264,"clear"
265,"climat"
266,"close"
267,"closedloop"
268,"cloud"
269,"cluster"
270,"cmos"
271,"cnn"
272,"cnnlstm"
273,"coal"
274,"code"
275,"coeffici"
276,"cold"
277,"collabor"
278,"collect"
279,"collector"
280,"combin"
281,"combust"
282,"come"
283,"comfort"
284,"commerci"
285,"commit"
286,"common"
287,"communic"
288,"communiti"
289,"compact"
290,"compani"
291,"compar"
292,"comparison"
293,"compat"
294,"compens"
295,"compet"
296,"competit"
297,"complement"
298,"complementari"
299,"complet"
300,"complex"
301,"complianc"
302,"complic"
303,"compon"
304,"compos"
305,"composit"
306,"compound"
307,"comprehens"
308,"compress"
309,"compressor"
310,"compris"
311,"compromis"
312,"comput"
313,"concentr"
314,"concept"
315,"conceptu"
316,"concern"
317,"conclud"
318,"conclus"
319,"concret"
320,"concurr"
321,"condens"
322,"condit"
323,"conduct"
324,"confid"
325,"configur"
326,"confirm"
327,"conflict"
328,"congest"
329,"conjunct"
330,"connect"
331,"consequ"
332,"conserv"
333,"consid"
334,"consider"
335,"consist"
336,"constant"
337,"constitut"
338,"constrain"
339,"constraint"
340,"construct"
341,"consum"
342,"consumpt"
343,"contact"
344,"contain"
345,"content"
346,"context"
347,"continu"
348,"contract"
349,"contrast"
350,"contribut"
351,"contributor"
352,"control"
353,"convect"
354,"conveni"
355,"convent"
356,"converg"
357,"convers"
358,"convert"
359,"convolut"
360,"cool"
361,"cooper"
362,"coordin"
363,"cop"
364,"cope"
365,"copyright"
366,"core"
367,"correct"
368,"correl"
369,"correspond"
370,"cost"
371,"costeffect"
372,"count"
373,"counterpart"
374,"countri"
375,"coupl"
376,"cover"
377,"coverag"
378,"covid"
379,"cpu"
380,"creat"
381,"creation"
382,"creativ"
383,"crisi"
384,"criteria"
385,"criterion"
386,"critic"
387,"crop"
388,"cross"
389,"crossvalid"
390,"crucial"
391,"cumul"
392,"current"
393,"curtail"
394,"curv"
395,"custom"
396,"cut"
397,"cycl"
398,"cyclic"
399,"daili"
400,"damag"
401,"data"
402,"databas"
403,"datadriven"
404,"dataset"
405,"date"
406,"day"
407,"dayahead"
408,"daylight"
409,"deal"
410,"decad"
411,"decarbon"
412,"decentr"
413,"decid"
414,"decis"
415,"decisionmak"
416,"declin"
417,"decod"
418,"decompos"
419,"decomposit"
420,"decoupl"
421,"decreas"
422,"dedic"
423,"deep"
424,"defect"
425,"defin"
426,"definit"
427,"deform"
428,"degrad"
429,"degre"
430,"delay"
431,"deliv"
432,"deliveri"
433,"demand"
434,"demandsid"
435,"demonstr"
436,"dens"
437,"densiti"
438,"depart"
439,"depend"
440,"deplet"
441,"deploy"
442,"deposit"
443,"depth"
444,"deriv"
445,"desalin"
446,"describ"
447,"descript"
448,"design"
449,"designmethodologyapproach"
450,"desir"
451,"despit"
452,"detail"
453,"detect"
454,"deterior"
455,"determin"
456,"determinist"
457,"develop"
458,"deviat"
459,"devic"
460,"devis"
461,"diagnosi"
462,"diagnost"
463,"diamet"
464,"diesel"
465,"differ"
466,"differenti"
467,"difficult"
468,"difficulti"
469,"diffus"
470,"digit"
471,"dimens"
472,"dimension"
473,"diminish"
474,"dioxid"
475,"direct"
476,"discharg"
477,"discov"
478,"discrep"
479,"discret"
480,"discuss"
481,"dispatch"
482,"dispers"
483,"displac"
484,"display"
485,"disrupt"
486,"dissip"
487,"distanc"
488,"distil"
489,"distinct"
490,"distinguish"
491,"distort"
492,"distribut"
493,"district"
494,"disturb"
495,"divers"
496,"divid"
497,"dnn"
498,"domain"
499,"domest"
500,"domin"
501,"done"
502,"doubl"
503,"downstream"
504,"dramat"
505,"draw"
506,"drawback"
507,"dri"
508,"drive"
509,"driven"
510,"driver"
511,"drop"
512,"dual"
513,"due"
514,"durabl"
515,"durat"
516,"dwell"
517,"dynam"
518,"earli"
519,"earlier"
520,"easi"
521,"easili"
522,"ecolog"
523,"econom"
524,"economi"
525,"ecosystem"
526,"edg"
527,"educ"
528,"effect"
529,"efficaci"
530,"effici"
531,"effort"
532,"eight"
533,"either"
534,"elast"
535,"electr"
536,"electrif"
537,"electrochem"
538,"electrod"
539,"electrolysi"
540,"electrolyt"
541,"electromagnet"
542,"electron"
543,"element"
544,"elev"
545,"elimin"
546,"elsevi"
547,"embed"
548,"emerg"
549,"emiss"
550,"emphas"
551,"emphasi"
552,"empir"
553,"employ"
554,"enabl"
555,"encod"
556,"encompass"
557,"encount"
558,"encourag"
559,"end"
560,"endtoend"
561,"endus"
562,"energet"
563,"energi"
564,"energyawar"
565,"energyeffici"
566,"energyintens"
567,"energyplus"
568,"energysav"
569,"engin"
570,"enhanc"
571,"enough"
572,"ensembl"
573,"ensur"
574,"enterpris"
575,"entir"
576,"entropi"
577,"envelop"
578,"environ"
579,"environment"
580,"equal"
581,"equat"
582,"equilibrium"
583,"equip"
584,"equival"
585,"era"
586,"error"
587,"escal"
588,"especi"
589,"essenti"
590,"establish"
591,"estim"
592,"etc"
593,"europ"
594,"european"
595,"evalu"
596,"evapor"
597,"even"
598,"event"
599,"eventu"
600,"everi"
601,"evid"
602,"evolut"
603,"evolutionari"
604,"evolv"
605,"exact"
606,"examin"
607,"exampl"
608,"exceed"
609,"excel"
610,"except"
611,"excess"
612,"exchang"
613,"excit"
614,"exclus"
615,"execut"
616,"exergi"
617,"exhaust"
618,"exhibit"
619,"exist"
620,"exogen"
621,"expand"
622,"expans"
623,"expect"
624,"expenditur"
625,"expens"
626,"experi"
627,"experienc"
628,"experiment"
629,"expert"
630,"explain"
631,"explan"
632,"explicit"
633,"exploit"
634,"explor"
635,"exponenti"
636,"export"
637,"expos"
638,"express"
639,"extend"
640,"extens"
641,"extent"
642,"extern"
643,"extra"
644,"extract"
645,"extrem"
646,"fabric"
647,"face"
648,"facil"
649,"facilit"
650,"fact"
651,"factor"
652,"factori"
653,"fail"
654,"failur"
655,"fair"
656,"fall"
657,"fan"
658,"far"
659,"farm"
660,"fast"
661,"faster"
662,"fault"
663,"favor"
664,"feasibl"
665,"featur"
666,"fed"
667,"feder"
668,"feed"
669,"feedback"
670,"feedforward"
671,"fewer"
672,"field"
673,"figur"
674,"fill"
675,"film"
676,"filter"
677,"final"
678,"financi"
679,"find"
680,"finetun"
681,"finit"
682,"first"
683,"fit"
684,"five"
685,"fix"
686,"fleet"
687,"flexibl"
688,"flight"
689,"floor"
690,"flow"
691,"fluctuat"
692,"fluid"
693,"flux"
694,"focus"
695,"follow"
696,"food"
697,"footprint"
698,"forc"
699,"forest"
700,"form"
701,"format"
702,"formul"
703,"formula"
704,"forward"
705,"fossil"
706,"found"
707,"foundat"
708,"four"
709,"fraction"
710,"frame"
711,"framework"
712,"franci"
713,"free"
714,"frequenc"
715,"frequent"
716,"friction"
717,"friend"
718,"front"
719,"fuel"
720,"fulfil"
721,"full"
722,"fulli"
723,"function"
724,"fundament"
725,"furnac"
726,"furthermor"
727,"fuse"
728,"fusion"
729,"futur"
730,"fuzzi"
731,"gain"
732,"game"
733,"gap"
734,"gas"
735,"gase"
736,"gate"
737,"gather"
738,"gaussian"
739,"gdp"
740,"general"
741,"generat"
742,"generic"
743,"genet"
744,"geograph"
745,"geometr"
746,"geometri"
747,"geotherm"
748,"germani"
749,"get"
750,"ghg"
751,"give"
752,"given"
753,"global"
754,"gmbh"
755,"goal"
756,"good"
757,"govern"
758,"gradient"
759,"gradual"
760,"granular"
761,"graph"
762,"graphic"
763,"great"
764,"greater"
765,"greatest"
766,"green"
767,"greenhous"
768,"grey"
769,"grid"
770,"gridconnect"
771,"gross"
772,"ground"
773,"group"
774,"grow"
775,"growth"
776,"gru"
777,"guarante"
778,"guid"
779,"guidanc"
780,"guidelin"
781,"half"
782,"hand"
783,"handl"
784,"har"
785,"hard"
786,"hardwar"
787,"harmon"
788,"harvest"
789,"head"
790,"health"
791,"healthcar"
792,"heat"
793,"heater"
794,"heavi"
795,"heavili"
796,"height"
797,"help"
798,"henc"
799,"herein"
800,"heterogen"
801,"heurist"
802,"hidden"
803,"hierarch"
804,"high"
805,"highdimension"
806,"higheffici"
807,"higher"
808,"highest"
809,"highfidel"
810,"highfrequ"
811,"highlight"
812,"highperform"
813,"highprecis"
814,"highqual"
815,"highresolut"
816,"highspe"
817,"hightemperatur"
818,"hinder"
819,"histor"
820,"histori"
821,"hold"
822,"holist"
823,"home"
824,"homogen"
825,"horizon"
826,"horizont"
827,"host"
828,"hot"
829,"hour"
830,"hous"
831,"household"
832,"howev"
833,"huge"
834,"human"
835,"humid"
836,"hvac"
837,"hybrid"
838,"hydraul"
839,"hydrodynam"
840,"hydrogen"
841,"hydropow"
842,"hyperparamet"
843,"idea"
844,"ideal"
845,"ident"
846,"identif"
847,"identifi"
848,"ieee"
849,"iet"
850,"ignor"
851,"iii"
852,"illumin"
853,"illustr"
854,"imag"
855,"imbal"
856,"impact"
857,"imped"
858,"imper"
859,"implement"
860,"impli"
861,"implic"
862,"import"
863,"impos"
864,"improv"
865,"inaccur"
866,"inadequ"
867,"inc"
868,"incent"
869,"incid"
870,"includ"
871,"inclus"
872,"incom"
873,"incorpor"
874,"increas"
875,"increment"
876,"incur"
877,"independ"
878,"indepth"
879,"indersci"
880,"index"
881,"india"
882,"indic"
883,"indirect"
884,"individu"
885,"indoor"
886,"induc"
887,"induct"
888,"industri"
889,"ineffici"
890,"inertia"
891,"infer"
892,"influenc"
893,"influenti"
894,"inform"
895,"informa"
896,"infrastructur"
897,"inher"
898,"initi"
899,"inject"
900,"inlet"
901,"inner"
902,"innov"
903,"input"
904,"insid"
905,"insight"
906,"inspir"
907,"instabl"
908,"instal"
909,"instanc"
910,"instantan"
911,"instead"
912,"institut"
913,"instrument"
914,"insuffici"
915,"insul"
916,"integ"
917,"integr"
918,"intellig"
919,"intend"
920,"intens"
921,"intensifi"
922,"interact"
923,"interconnect"
924,"interest"
925,"interfac"
926,"interfer"
927,"intermedi"
928,"intermitt"
929,"intern"
930,"internet"
931,"interpol"
932,"interpret"
933,"interv"
934,"intervent"
935,"intraday"
936,"intric"
937,"intrins"
938,"introduc"
939,"introduct"
940,"invers"
941,"invert"
942,"invest"
943,"investig"
944,"involv"
945,"iop"
946,"iot"
947,"iran"
948,"irradi"
949,"irregular"
950,"island"
951,"isol"
952,"issu"
953,"itali"
954,"iter"
955,"japan"
956,"john"
957,"joint"
958,"journal"
959,"just"
960,"kalman"
961,"keep"
962,"kernel"
963,"key"
964,"kind"
965,"kinet"
966,"kmean"
967,"knearest"
968,"knn"
969,"knowledg"
970,"known"
971,"korea"
972,"korean"
973,"kwh"
974,"label"
975,"laboratori"
976,"lack"
977,"lag"
978,"land"
979,"languag"
980,"larg"
981,"larger"
982,"largescal"
983,"largest"
984,"last"
985,"latenc"
986,"latent"
987,"later"
988,"latter"
989,"law"
990,"layer"
991,"layout"
992,"lead"
993,"leakag"
994,"learn"
995,"learningbas"
996,"least"
997,"led"
998,"length"
999,"less"
1000,"level"
1001,"leverag"
1002,"licenc"
1003,"licens"
1004,"license"
1005,"lie"
1006,"life"
1007,"lifecycl"
1008,"lifespan"
1009,"lifetim"
1010,"light"
1011,"lightweight"
1012,"like"
1013,"limit"
1014,"line"
1015,"linear"
1016,"link"
1017,"liquid"
1018,"literatur"
1019,"littl"
1020,"live"
1021,"llc"
1022,"load"
1023,"local"
1024,"locat"
1025,"logic"
1026,"logist"
1027,"london"
1028,"long"
1029,"longer"
1030,"longrang"
1031,"longterm"
1032,"look"
1033,"loop"
1034,"loss"
1035,"lot"
1036,"low"
1037,"lowcarbon"
1038,"lowcost"
1039,"lower"
1040,"lowest"
1041,"lowpow"
1042,"lstm"
1043,"ltd"
1044,"machin"
1045,"machinelearn"
1046,"made"
1047,"mae"
1048,"magnet"
1049,"magnitud"
1050,"main"
1051,"maintain"
1052,"mainten"
1053,"major"
1054,"make"
1055,"maker"
1056,"manag"
1057,"mani"
1058,"manner"
1059,"manual"
1060,"manufactur"
1061,"map"
1062,"mape"
1063,"margin"
1064,"marin"
1065,"mark"
1066,"market"
1067,"markov"
1068,"mass"
1069,"massiv"
1070,"match"
1071,"materi"
1072,"mathemat"
1073,"matlab"
1074,"matlabsimulink"
1075,"matrix"
1076,"matter"
1077,"maxim"
1078,"maximum"
1079,"may"
1080,"mdpi"
1081,"mean"
1082,"meaning"
1083,"meanwhil"
1084,"measur"
1085,"mechan"
1086,"media"
1087,"medium"
1088,"meet"
1089,"membran"
1090,"memori"
1091,"mention"
1092,"met"
1093,"metaheurist"
1094,"metal"
1095,"meteorolog"
1096,"meter"
1097,"methan"
1098,"method"
1099,"methodolog"
1100,"metric"
1101,"micro"
1102,"microgrid"
1103,"might"
1104,"migrat"
1105,"mill"
1106,"million"
1107,"min"
1108,"mine"
1109,"miner"
1110,"minim"
1111,"minimis"
1112,"minimum"
1113,"minut"
1114,"mismatch"
1115,"miss"
1116,"mitig"
1117,"mix"
1118,"mixedinteg"
1119,"mixtur"
1120,"mlp"
1121,"mobil"
1122,"modal"
1123,"mode"
1124,"model"
1125,"model’"
1126,"modelbas"
1127,"moder"
1128,"modern"
1129,"modif"
1130,"modifi"
1131,"modul"
1132,"modular"
1133,"moistur"
1134,"molecular"
1135,"moment"
1136,"momentum"
1137,"monitor"
1138,"mont"
1139,"month"
1140,"moreov"
1141,"morpholog"
1142,"most"
1143,"motion"
1144,"motiv"
1145,"motor"
1146,"move"
1147,"movement"
1148,"mpc"
1149,"mse"
1150,"much"
1151,"multiag"
1152,"multidimension"
1153,"multienergi"
1154,"multilay"
1155,"multilevel"
1156,"multimod"
1157,"multiobject"
1158,"multipl"
1159,"multiscal"
1160,"multisourc"
1161,"multistag"
1162,"multistep"
1163,"multivari"
1164,"municip"
1165,"must"
1166,"mutual"
1167,"name"
1168,"narrow"
1169,"nation"
1170,"natur"
1171,"navig"
1172,"near"
1173,"necess"
1174,"necessari"
1175,"necessit"
1176,"need"
1177,"negat"
1178,"neglect"
1179,"neglig"
1180,"neighbor"
1181,"net"
1182,"network"
1183,"networkbas"
1184,"neural"
1185,"neurofuzzi"
1186,"neuron"
1187,"neutral"
1188,"nevertheless"
1189,"new"
1190,"newli"
1191,"next"
1192,"nextgener"
1193,"nine"
1194,"nitrogen"
1195,"node"
1196,"nois"
1197,"nomin"
1198,"nondomin"
1199,"nonlinear"
1200,"nonstationari"
1201,"normal"
1202,"north"
1203,"northern"
1204,"notabl"
1205,"note"
1206,"novel"
1207,"novelti"
1208,"now"
1209,"nowaday"
1210,"nox"
1211,"nsgaii"
1212,"nuclear"
1213,"number"
1214,"numer"
1215,"object"
1216,"observ"
1217,"obstacl"
1218,"obtain"
1219,"obvious"
1220,"occup"
1221,"occupi"
1222,"occur"
1223,"occurr"
1224,"ocean"
1225,"offer"
1226,"offic"
1227,"offlin"
1228,"offload"
1229,"offset"
1230,"offshor"
1231,"often"
1232,"oil"
1233,"onboard"
1234,"one"
1235,"onedimension"
1236,"onlin"
1237,"onsit"
1238,"open"
1239,"oper"
1240,"opportun"
1241,"optic"
1242,"optim"
1243,"optimis"
1244,"optimum"
1245,"option"
1246,"order"
1247,"organ"
1248,"orient"
1249,"origin"
1250,"originalityvalu"
1251,"oscil"
1252,"other"
1253,"outag"
1254,"outcom"
1255,"outdoor"
1256,"outlet"
1257,"outlier"
1258,"outlin"
1259,"outperform"
1260,"output"
1261,"outsid"
1262,"overal"
1263,"overcom"
1264,"overestim"
1265,"overfit"
1266,"overhead"
1267,"overload"
1268,"overlook"
1269,"owe"
1270,"oxid"
1271,"oxygen"
1272,"pack"
1273,"packag"
1274,"packet"
1275,"pair"
1276,"panel"
1277,"paper"
1278,"paradigm"
1279,"parallel"
1280,"paramet"
1281,"parametr"
1282,"pareto"
1283,"park"
1284,"part"
1285,"partial"
1286,"particip"
1287,"particl"
1288,"particular"
1289,"partit"
1290,"pass"
1291,"passeng"
1292,"passiv"
1293,"past"
1294,"path"
1295,"pathway"
1296,"pattern"
1297,"pave"
1298,"payback"
1299,"peak"
1300,"pearson"
1301,"penalti"
1302,"penetr"
1303,"peopl"
1304,"per"
1305,"percent"
1306,"percentag"
1307,"percept"
1308,"perceptron"
1309,"perfect"
1310,"perform"
1311,"period"
1312,"permit"
1313,"persist"
1314,"person"
1315,"perspect"
1316,"perturb"
1317,"petroleum"
1318,"phase"
1319,"phenomena"
1320,"phenomenon"
1321,"photovolta"
1322,"physic"
1323,"physicsbas"
1324,"pid"
1325,"pilot"
1326,"pipe"
1327,"pipelin"
1328,"pivot"
1329,"place"
1330,"placement"
1331,"plan"
1332,"planner"
1333,"plant"
1334,"plate"
1335,"platform"
1336,"play"
1337,"plot"
1338,"plugin"
1339,"plus"
1340,"pmv"
1341,"point"
1342,"polici"
1343,"policymak"
1344,"pollut"
1345,"polynomi"
1346,"pool"
1347,"poor"
1348,"popul"
1349,"popular"
1350,"portion"
1351,"pose"
1352,"posit"
1353,"possess"
1354,"possibl"
1355,"potenti"
1356,"power"
1357,"powertrain"
1358,"practic"
1359,"precipit"
1360,"precis"
1361,"predefin"
1362,"predict"
1363,"predictor"
1364,"predomin"
1365,"prefer"
1366,"preliminari"
1367,"prepar"
1368,"preprocess"
1369,"presenc"
1370,"present"
1371,"preserv"
1372,"press"
1373,"pressur"
1374,"preval"
1375,"prevent"
1376,"previous"
1377,"price"
1378,"primari"
1379,"primarili"
1380,"princip"
1381,"principl"
1382,"prior"
1383,"priorit"
1384,"prioriti"
1385,"privaci"
1386,"privat"
1387,"proactiv"
1388,"probabilist"
1389,"probabl"
1390,"problem"
1391,"procedur"
1392,"process"
1393,"processor"
1394,"produc"
1395,"product"
1396,"profil"
1397,"profit"
1398,"program"
1399,"programm"
1400,"progress"
1401,"project"
1402,"prolong"
1403,"promin"
1404,"promis"
1405,"promot"
1406,"pronounc"
1407,"propag"
1408,"proper"
1409,"properti"
1410,"proport"
1411,"propos"
1412,"propuls"
1413,"prospect"
1414,"protect"
1415,"protocol"
1416,"prototyp"
1417,"prove"
1418,"proven"
1419,"provid"
1420,"provinc"
1421,"provis"
1422,"proxim"
1423,"pso"
1424,"public"
1425,"publish"
1426,"puls"
1427,"pump"
1428,"purchas"
1429,"pure"
1430,"purpos"
1431,"put"
1432,"python"
1433,"qos"
1434,"quadrat"
1435,"qualit"
1436,"qualiti"
1437,"quantif"
1438,"quantifi"
1439,"quantil"
1440,"quantit"
1441,"quantiti"
1442,"quantum"
1443,"question"
1444,"quick"
1445,"quit"
1446,"radial"
1447,"radiat"
1448,"radio"
1449,"rais"
1450,"ramp"
1451,"random"
1452,"rang"
1453,"rank"
1454,"rapid"
1455,"rare"
1456,"rate"
1457,"rather"
1458,"ratio"
1459,"ration"
1460,"raw"
1461,"reach"
1462,"reaction"
1463,"reactiv"
1464,"reactor"
1465,"read"
1466,"real"
1467,"realist"
1468,"realiz"
1469,"realtim"
1470,"realworld"
1471,"reason"
1472,"receiv"
1473,"recent"
1474,"recogn"
1475,"recognit"
1476,"recommend"
1477,"reconfigur"
1478,"reconstruct"
1479,"record"
1480,"recov"
1481,"recoveri"
1482,"recurr"
1483,"recurs"
1484,"recycl"
1485,"reduc"
1486,"reduct"
1487,"redund"
1488,"refer"
1489,"refin"
1490,"reflect"
1491,"reform"
1492,"refriger"
1493,"regard"
1494,"regim"
1495,"region"
1496,"regress"
1497,"regressor"
1498,"regul"
1499,"regular"
1500,"regulatori"
1501,"reinforc"
1502,"relat"
1503,"relationship"
1504,"releas"
1505,"relev"
1506,"reli"
1507,"reliabl"
1508,"relianc"
1509,"remain"
1510,"remark"
1511,"remot"
1512,"remov"
1513,"renew"
1514,"repeat"
1515,"replac"
1516,"replic"
1517,"report"
1518,"repres"
1519,"represent"
1520,"reproduc"
1521,"reproduct"
1522,"request"
1523,"requir"
1524,"res"
1525,"research"
1526,"reserv"
1527,"reservoir"
1528,"resid"
1529,"residenti"
1530,"residu"
1531,"resili"
1532,"resist"
1533,"resolut"
1534,"resolv"
1535,"reson"
1536,"resourc"
1537,"respect"
1538,"respond"
1539,"respons"
1540,"restrict"
1541,"result"
1542,"retain"
1543,"retrofit"
1544,"return"
1545,"reveal"
1546,"revenu"
1547,"revers"
1548,"review"
1549,"right"
1550,"rigor"
1551,"rise"
1552,"risk"
1553,"river"
1554,"rmse"
1555,"rnn"
1556,"road"
1557,"robot"
1558,"robust"
1559,"role"
1560,"roll"
1561,"roof"
1562,"rooftop"
1563,"room"
1564,"root"
1565,"rotat"
1566,"rotor"
1567,"rough"
1568,"rout"
1569,"rsm"
1570,"rsquar"
1571,"rule"
1572,"rulebas"
1573,"run"
1574,"runtim"
1575,"rural"
1576,"safe"
1577,"safeti"
1578,"sampl"
1579,"satellit"
1580,"satisfact"
1581,"satisfactori"
1582,"satisfi"
1583,"satur"
1584,"save"
1585,"scalabl"
1586,"scale"
1587,"scarciti"
1588,"scenario"
1589,"schedul"
1590,"scheme"
1591,"scienc"
1592,"sciencebusi"
1593,"scientif"
1594,"scope"
1595,"score"
1596,"screen"
1597,"sea"
1598,"seamless"
1599,"search"
1600,"season"
1601,"second"
1602,"secondari"
1603,"section"
1604,"sector"
1605,"secur"
1606,"seek"
1607,"seen"
1608,"segment"
1609,"select"
1610,"selfattent"
1611,"semiconductor"
1612,"sens"
1613,"sensit"
1614,"sensor"
1615,"separ"
1616,"sequenc"
1617,"sequenti"
1618,"seri"
1619,"serious"
1620,"serv"
1621,"server"
1622,"servic"
1623,"set"
1624,"setpoint"
1625,"setup"
1626,"seven"
1627,"sever"
1628,"shade"
1629,"shap"
1630,"shape"
1631,"shapley"
1632,"share"
1633,"shear"
1634,"shift"
1635,"ship"
1636,"short"
1637,"shortag"
1638,"shortcom"
1639,"shorter"
1640,"shortterm"
1641,"show"
1642,"showcas"
1643,"shown"
1644,"side"
1645,"signal"
1646,"signific"
1647,"silicon"
1648,"similar"
1649,"simpl"
1650,"simplifi"
1651,"simul"
1652,"simultan"
1653,"sinc"
1654,"singl"
1655,"sink"
1656,"site"
1657,"situat"
1658,"six"
1659,"size"
1660,"sky"
1661,"slide"
1662,"slight"
1663,"slow"
1664,"small"
1665,"smaller"
1666,"smallscal"
1667,"smart"
1668,"smooth"
1669,"soc"
1670,"social"
1671,"societi"
1672,"socioeconom"
1673,"soft"
1674,"softwar"
1675,"soil"
1676,"solar"
1677,"sole"
1678,"solid"
1679,"solut"
1680,"solv"
1681,"solver"
1682,"son"
1683,"sophist"
1684,"sort"
1685,"sourc"
1686,"south"
1687,"southern"
1688,"space"
1689,"spain"
1690,"span"
1691,"spars"
1692,"spatial"
1693,"spatiotempor"
1694,"speci"
1695,"special"
1696,"specif"
1697,"specifi"
1698,"spectral"
1699,"spectrum"
1700,"speed"
1701,"split"
1702,"spot"
1703,"spread"
1704,"spring"
1705,"springer"
1706,"springerverlag"
1707,"squar"
1708,"stabil"
1709,"stabl"
1710,"stack"
1711,"stage"
1712,"stakehold"
1713,"stand"
1714,"standalon"
1715,"standard"
1716,"start"
1717,"state"
1718,"stateoftheart"
1719,"static"
1720,"station"
1721,"stationari"
1722,"statist"
1723,"status"
1724,"steadi"
1725,"steadyst"
1726,"steam"
1727,"steel"
1728,"step"
1729,"still"
1730,"stochast"
1731,"stock"
1732,"storag"
1733,"store"
1734,"strain"
1735,"strateg"
1736,"strategi"
1737,"stream"
1738,"strength"
1739,"strengthen"
1740,"stress"
1741,"strict"
1742,"strong"
1743,"stronger"
1744,"structur"
1745,"struggl"
1746,"studi"
1747,"subject"
1748,"suboptim"
1749,"subsequ"
1750,"subset"
1751,"substanti"
1752,"substitut"
1753,"subsystem"
1754,"success"
1755,"sudden"
1756,"suffer"
1757,"suffici"
1758,"suggest"
1759,"suit"
1760,"suitabl"
1761,"sum"
1762,"summar"
1763,"summer"
1764,"sun"
1765,"superior"
1766,"supervis"
1767,"suppli"
1768,"support"
1769,"suppress"
1770,"surfac"
1771,"surpass"
1772,"surplus"
1773,"surrog"
1774,"surround"
1775,"survey"
1776,"sustain"
1777,"svm"
1778,"svr"
1779,"swarm"
1780,"switch"
1781,"switzerland"
1782,"synchron"
1783,"synergist"
1784,"synthes"
1785,"synthesi"
1786,"synthet"
1787,"system"
1788,"system’"
1789,"systemat"
1790,"tackl"
1791,"tailor"
1792,"take"
1793,"taken"
1794,"tank"
1795,"target"
1796,"tariff"
1797,"task"
1798,"taylor"
1799,"technic"
1800,"techniqu"
1801,"technoeconom"
1802,"technolog"
1803,"temperatur"
1804,"tempor"
1805,"ten"
1806,"tend"
1807,"term"
1808,"termin"
1809,"test"
1810,"text"
1811,"theoret"
1812,"theori"
1813,"therebi"
1814,"therefor"
1815,"thermal"
1816,"thermodynam"
1817,"thermoelectr"
1818,"thick"
1819,"thing"
1820,"third"
1821,"thorough"
1822,"though"
1823,"threat"
1824,"three"
1825,"threedimension"
1826,"threshold"
1827,"throughout"
1828,"throughput"
1829,"thus"
1830,"tilt"
1831,"time"
1832,"timeconsum"
1833,"timeseri"
1834,"timevari"
1835,"today"
1836,"togeth"
1837,"toler"
1838,"ton"
1839,"tool"
1840,"top"
1841,"topic"
1842,"topolog"
1843,"torqu"
1844,"total"
1845,"toward"
1846,"tower"
1847,"trace"
1848,"track"
1849,"trade"
1850,"tradeoff"
1851,"tradit"
1852,"traffic"
1853,"train"
1854,"trajectori"
1855,"transact"
1856,"transfer"
1857,"transform"
1858,"transient"
1859,"transit"
1860,"translat"
1861,"transmiss"
1862,"transmit"
1863,"transpar"
1864,"transport"
1865,"travel"
1866,"treat"
1867,"treatment"
1868,"tree"
1869,"trend"
1870,"tri"
1871,"trial"
1872,"trigger"
1873,"true"
1874,"tube"
1875,"tune"
1876,"tunnel"
1877,"turbin"
1878,"turbul"
1879,"turkey"
1880,"turn"
1881,"twin"
1882,"two"
1883,"twodimension"
1884,"twostag"
1885,"type"
1886,"typic"
1887,"uav"
1888,"ultim"
1889,"uncertain"
1890,"uncertainti"
1891,"under"
1892,"underestim"
1893,"undergo"
1894,"underscor"
1895,"understand"
1896,"unifi"
1897,"uniform"
1898,"uniqu"
1899,"unit"
1900,"univers"
1901,"unknown"
1902,"unlik"
1903,"unman"
1904,"unnecessari"
1905,"unpredict"
1906,"unstabl"
1907,"updat"
1908,"upgrad"
1909,"upon"
1910,"upper"
1911,"urban"
1912,"urgent"
1913,"usa"
1914,"usag"
1915,"use"
1916,"user"
1917,"usual"
1918,"util"
1919,"utilis"
1920,"valid"
1921,"valu"
1922,"valuabl"
1923,"vapor"
1924,"vari"
1925,"variabl"
1926,"varianc"
1927,"variant"
1928,"variat"
1929,"varieti"
1930,"various"
1931,"vast"
1932,"vector"
1933,"vehicl"
1934,"veloc"
1935,"ventil"
1936,"verif"
1937,"verifi"
1938,"version"
1939,"versus"
1940,"vertic"
1941,"via"
1942,"viabil"
1943,"viabl"
1944,"vibrat"
1945,"video"
1946,"view"
1947,"violat"
1948,"virtual"
1949,"vision"
1950,"visual"
1951,"vital"
1952,"vmd"
1953,"volatil"
1954,"voltag"
1955,"volum"
1956,"vote"
1957,"vulner"
1958,"wake"
1959,"wall"
1960,"warm"
1961,"wast"
1962,"wastewat"
1963,"water"
1964,"wave"
1965,"wavelet"
1966,"way"
1967,"weak"
1968,"wear"
1969,"weather"
1970,"week"
1971,"weight"
1972,"well"
1973,"wellknown"
1974,"wherea"
1975,"whether"
1976,"whole"
1977,"whose"
1978,"wide"
1979,"widespread"
1980,"width"
1981,"wiley"
1982,"wileyvch"
1983,"will"
1984,"wind"
1985,"window"
1986,"winter"
1987,"wireless"
1988,"within"
1989,"without"
1990,"wolf"
1991,"work"
1992,"workload"
1993,"world"
1994,"worldwid"
1995,"wsn"
1996,"wsns"
1997,"xgboost"
1998,"year"
1999,"yet"
2000,"yield"
2001,"zero"
2002,"zone"
