K,Topic,Coherence
40,1,-98.4706009478699
40,2,-66.2114719564293
40,3,-85.3630478538532
40,4,-90.7329721499842
40,5,-59.8511640948037
40,6,-65.1793827605688
40,7,-73.4865511735018
40,8,-78.1525368270578
40,9,-76.4403151912939
40,10,-96.1729295675948
40,11,-58.3604814142264
40,12,-101.309665425532
40,13,-66.8790888601137
40,14,-63.1379227879081
40,15,-77.1863430460279
40,16,-63.6775063563044
40,17,-76.8949427066172
40,18,-80.2158450047355
40,19,-52.9187864559917
40,20,-49.1671768487694
40,21,-65.055068816796
40,22,-67.7406049144768
40,23,-69.5084718515952
40,24,-63.598968945651
40,25,-82.9070740115204
40,26,-50.8696309099644
40,27,-76.2674926353183
40,28,-76.9486105418553
40,29,-87.0460846931709
40,30,-50.3538585872818
40,31,-92.6899459237816
40,32,-65.1701156077877
40,33,-52.3707346513324
40,34,-63.692579241086
40,35,-110.10061332955
40,36,-76.4445113391508
40,37,-64.2190187628217
40,38,-71.8855336632024
40,39,-63.8200464743799
40,40,-83.4729085688944
50,1,-107.642623685224
50,2,-77.5227208236146
50,3,-91.2887167654919
50,4,-107.134986833599
50,5,-84.1804910435882
50,6,-67.3331388097636
50,7,-70.2203277768142
50,8,-77.5897857266482
50,9,-66.4946958894624
50,10,-88.8238553426623
50,11,-86.0636817799008
50,12,-74.9141752942794
50,13,-65.3703873113939
50,14,-99.9604698397128
50,15,-84.5353578448545
50,16,-68.0406236882852
50,17,-91.9251282548726
50,18,-58.2394254187432
50,19,-69.4346526014546
50,20,-66.0767279098796
50,21,-76.1125504234959
50,22,-65.8871687041204
50,23,-68.5982049969915
50,24,-88.6289693487728
50,25,-66.2800837025971
50,26,-72.1616005860784
50,27,-102.643158694591
50,28,-70.7086993321705
50,29,-85.8983048740321
50,30,-85.1510730013565
50,31,-103.007571790582
50,32,-72.4978009459679
50,33,-63.2442350057558
50,34,-75.627510525982
50,35,-108.620847672359
50,36,-59.3666779555072
50,37,-86.6330544899719
50,38,-51.4722800064248
50,39,-62.3686446469123
50,40,-77.2683730588524
50,41,-49.3034245824888
50,42,-62.9784301862542
50,43,-93.1129257707476
50,44,-95.8662993289878
50,45,-75.9048419435608
50,46,-89.9052113972428
50,47,-55.3401383905121
50,48,-47.0165031758862
50,49,-88.1408075678081
50,50,-89.2507131223844
60,1,-82.4674688696152
60,2,-60.6089235661001
60,3,-78.4600211142863
60,4,-96.6889184706913
60,5,-89.3759502428766
60,6,-88.8246045197128
60,7,-58.1551947332861
60,8,-105.970047239999
60,9,-66.9089587819843
60,10,-79.229166161574
60,11,-64.6983489034477
60,12,-71.3918139580261
60,13,-72.4962194073031
60,14,-107.622540030667
60,15,-60.9006445750578
60,16,-80.0009126846981
60,17,-59.9565063046635
60,18,-73.1349891506248
60,19,-86.7260882122702
60,20,-72.5017387559418
60,21,-95.0642342810242
60,22,-122.302400061468
60,23,-62.5409143602153
60,24,-101.160146732243
60,25,-75.5543990007257
60,26,-55.4201869110374
60,27,-70.9365135158586
60,28,-71.8019250405029
60,29,-123.28187930294
60,30,-72.70731900623
60,31,-80.7029496693945
60,32,-49.6806906785959
60,33,-63.7476375664119
60,34,-103.408098966108
60,35,-64.3067368309936
60,36,-56.3886820105786
60,37,-81.7835560826332
60,38,-124.762784045124
60,39,-74.0577743735139
60,40,-59.9657999223906
60,41,-86.0015480435912
60,42,-82.4500131878759
60,43,-66.5506993778176
60,44,-75.7410876221908
60,45,-90.9207056456337
60,46,-42.0531003234567
60,47,-76.1526053180063
60,48,-86.0036243805499
60,49,-97.6479857681617
60,50,-52.6466768326463
60,51,-85.1289437227718
60,52,-91.1528630142038
60,53,-79.7373896178922
60,54,-60.9056044959357
60,55,-46.9567731494281
60,56,-79.0235736919455
60,57,-79.67308134699
60,58,-83.0572099268837
60,59,-89.2322657378329
60,60,-103.724897812381
70,1,-94.0681425327395
70,2,-70.6105829798274
70,3,-86.9329799579676
70,4,-88.583839944432
70,5,-67.5382731465974
70,6,-95.8566288313708
70,7,-82.623925231641
70,8,-112.253164893664
70,9,-99.6825685375165
70,10,-111.941988497511
70,11,-64.2861591661706
70,12,-75.1825536191395
70,13,-66.1867724994484
70,14,-70.5036651244117
70,15,-83.5619418818846
70,16,-75.4091412041204
70,17,-75.3853787994946
70,18,-66.1448188056622
70,19,-104.00870258583
70,20,-42.50102899942
70,21,-63.7067724311314
70,22,-86.4443983709155
70,23,-82.1215068559585
70,24,-60.2896178831632
70,25,-86.6866892276482
70,26,-110.193538971332
70,27,-86.2483326853672
70,28,-97.7659048867345
70,29,-105.992416455741
70,30,-79.8456002846623
70,31,-83.7233690184951
70,32,-66.6399843007679
70,33,-61.7283825180477
70,34,-79.8781710592943
70,35,-98.2479692103501
70,36,-100.934086391434
70,37,-111.971820369518
70,38,-82.8570444951977
70,39,-70.2875750615322
70,40,-47.65250081265
70,41,-82.9929994109867
70,42,-86.7647702839353
70,43,-62.9432024485619
70,44,-80.5095853733246
70,45,-77.6919219328901
70,46,-89.1690582397631
70,47,-57.5919019923127
70,48,-131.563958535217
70,49,-62.5257163485259
70,50,-85.597054272667
70,51,-71.7494918400823
70,52,-46.3574671565353
70,53,-91.1114364464365
70,54,-88.3199996686805
70,55,-98.2715836767362
70,56,-82.0714869595086
70,57,-86.7258408125531
70,58,-66.668109120855
70,59,-44.3818002331729
70,60,-46.4271679075095
70,61,-86.2504736359801
70,62,-61.9506996505622
70,63,-110.35827800303
70,64,-62.0754580333422
70,65,-59.151596493875
70,66,-131.960614651417
70,67,-83.4312367089671
70,68,-67.2812070348368
70,69,-77.2786913182077
70,70,-117.991486598731
80,1,-95.4789702607776
80,2,-70.0119396625919
80,3,-96.5711161741185
80,4,-118.373644467439
80,5,-80.5170660984171
80,6,-64.9521553284894
80,7,-97.7728447128118
80,8,-75.1524850055155
80,9,-81.6547801087503
80,10,-82.979379056707
80,11,-80.4696223200419
80,12,-43.645088389871
80,13,-83.1288723172094
80,14,-82.1489264164585
80,15,-71.0679625746176
80,16,-73.7130826518037
80,17,-94.4552645932843
80,18,-95.1350274548283
80,19,-91.8219924193399
80,20,-75.9228170353091
80,21,-77.9453476948219
80,22,-77.4430434048123
80,23,-80.7215589432872
80,24,-90.0142093968289
80,25,-95.3352804969877
80,26,-70.3701486431584
80,27,-72.8982070422717
80,28,-100.430590484565
80,29,-101.075971885334
80,30,-71.4540011899278
80,31,-86.6453245159761
80,32,-70.81796091789
80,33,-116.398185803312
80,34,-102.014121007228
80,35,-47.9775870743974
80,36,-79.3730550304508
80,37,-61.4137825657393
80,38,-91.6566859353641
80,39,-89.9490504340554
80,40,-88.7382762653541
80,41,-95.0510025378879
80,42,-84.0946819213014
80,43,-80.465031697325
80,44,-91.7218430102957
80,45,-68.7925638619208
80,46,-69.6807367340348
80,47,-84.5921092957555
80,48,-50.1889377049208
80,49,-60.7772949530722
80,50,-78.8194728459582
80,51,-127.039477350672
80,52,-71.5805643277248
80,53,-94.5170984262008
80,54,-66.1986789934482
80,55,-53.572207990333
80,56,-92.0280741816934
80,57,-100.277256396401
80,58,-94.6486050907553
80,59,-45.5002352748599
80,60,-79.1333402354706
80,61,-53.1111107381444
80,62,-67.7950360053536
80,63,-120.093699072755
80,64,-70.8199365233933
80,65,-70.3988148239062
80,66,-64.6489213075445
80,67,-95.880078583835
80,68,-61.2481059941999
80,69,-84.5735308231329
80,70,-126.731850872034
80,71,-106.709116441198
80,72,-56.1139053120182
80,73,-94.6262072857536
80,74,-87.767980685345
80,75,-81.7547452932653
80,76,-109.578167970826
80,77,-44.1781356951554
80,78,-80.6272213070317
80,79,-55.0585249617539
80,80,-101.867637984938
90,1,-105.793633612227
90,2,-136.250270106863
90,3,-74.9333543768649
90,4,-98.1174997668074
90,5,-101.124315528388
90,6,-100.845521381381
90,7,-69.5406802244436
90,8,-72.6906751649791
90,9,-66.9552315316184
90,10,-60.7818665836663
90,11,-67.0023154111151
90,12,-110.706356158645
90,13,-103.004955242594
90,14,-97.9416514965713
90,15,-79.3437635432994
90,16,-108.185021579045
90,17,-80.5655050186492
90,18,-76.1940262776764
90,19,-72.553103023866
90,20,-91.2439355275445
90,21,-48.3190179689926
90,22,-72.9421349301221
90,23,-68.7291548777272
90,24,-81.1120120469264
90,25,-62.9945196133979
90,26,-62.8763909749695
90,27,-106.598782736148
90,28,-75.4661783952168
90,29,-54.59288692874
90,30,-59.0663339854753
90,31,-46.3037931286173
90,32,-79.5976170926207
90,33,-112.708012432655
90,34,-74.5739868738852
90,35,-88.4440287362233
90,36,-74.4710009008309
90,37,-80.163967815043
90,38,-89.4912456627011
90,39,-52.1407488522989
90,40,-56.0775942107859
90,41,-96.3308957434486
90,42,-66.1986789934482
90,43,-108.884743364596
90,44,-101.152445486818
90,45,-69.649693587409
90,46,-72.6585175767507
90,47,-75.933902788837
90,48,-90.5878149881293
90,49,-95.9126584718141
90,50,-60.3416455405134
90,51,-80.8575792405023
90,52,-91.8816309536754
90,53,-116.206459565021
90,54,-79.3765941760445
90,55,-90.8668350711133
90,56,-42.0643517715559
90,57,-94.7875432370596
90,58,-93.9484663059203
90,59,-104.383528674895
90,60,-48.8510897367552
90,61,-114.025257749892
90,62,-79.9191690722237
90,63,-107.657408757587
90,64,-61.5023077351871
90,65,-93.9627382843934
90,66,-80.547794740457
90,67,-82.2565894647136
90,68,-67.6356389559643
90,69,-49.8805054968757
90,70,-50.1524512277395
90,71,-109.942391179173
90,72,-77.2372151592117
90,73,-103.840434324957
90,74,-98.8639629034322
90,75,-73.3210997726537
90,76,-91.0446060187474
90,77,-60.4537891123079
90,78,-86.3740344222538
90,79,-66.1691365899313
90,80,-110.144229000597
90,81,-60.6404456435411
90,82,-51.510851119886
90,83,-64.9647795665024
90,84,-98.0510721832688
90,85,-84.1077301385958
90,86,-85.4511896123584
90,87,-122.938904143979
90,88,-78.925139665935
90,89,-78.9930627005588
90,90,-77.2164304877225
