"Term","Frequency","Document_Frequency"
"model",129531,37040
"use",80943,36792
"system",73960,26636
"propos",54597,27429
"optim",53082,21091
"data",49639,22989
"result",45922,32198
"perform",45752,24701
"method",43070,20908
"studi",40679,25545
"base",38409,24274
"control",38211,11864
"network",34745,15097
"oper",34316,18145
"effici",33986,19349
"can",31630,20583
"build",31006,8481
"develop",28989,18986
"effect",28453,19441
"improv",28038,18394
"wind",27686,6144
"algorithm",26633,13174
"approach",24969,15610
"solar",24631,8070
"reduc",24260,17115
"time",24014,14565
"simul",23846,15203
"paper",23838,20109
"compar",23585,18303
"design",23233,13156
"learn",22919,11250
"increas",22850,15428
"analysi",22131,14830
"show",21997,18577
"heat",21666,7325
"differ",21490,14627
"process",20604,11515
"integr",20551,13446
"condit",20094,12573
"temperatur",20033,8591
"accuraci",19940,13480
"achiev",18475,14563
"provid",18422,14918
"signific",18290,14709
"strategi",18082,9881
"cost",17973,9934
"present",17791,14251
"electr",17683,9055
"dynam",17527,10464
"error",17372,10186
"manag",17362,9844
"thermal",17284,6666
"paramet",17159,10414
"high",17046,12784
"evalu",16549,12439
"author",15972,15479
"framework",15884,8917
"distribut",15734,8396
"applic",15657,11423
"machin",15589,7861
"renew",15467,8236
"neural",15164,8778
"product",14867,7530
"emiss",14603,5632
"also",14588,12152
"demonstr",14362,12847
"enhanc",14351,10488
"comput",14128,8434
"elsevi",14041,14023
"accur",13999,11196
"consid",13844,10531
"grid",13803,7194
"estim",13686,8190
"hybrid",13555,6477
"experiment",13473,9874
"combin",13255,10016
"photovolta",13025,6564
"technolog",12983,8660
"research",12903,9818
"valu",12853,8711
"ltd",12765,12710
"howev",12714,11905
"util",12306,9250
"requir",12073,9494
"generat",12036,7941
"rate",11959,7480
"test",11920,8555
"impact",11918,8192
"featur",11764,6391
"techniqu",11751,7955
"potenti",11742,8506
"two",11665,9304
"measur",11641,7833
"variabl",11615,7495
"includ",11599,9879
"factor",11450,7591
"work",11237,8886
"valid",11123,9267
"new",11118,7985
"mean",11105,7362
"vehicl",10969,3776
"challeng",10935,9251
"problem",10894,7532
"addit",10712,9198
"chang",10622,7004
"indic",10565,8642
"due",10529,9099
"scenario",10501,6013
"resourc",10452,6157
"case",10425,8195
"adapt",10258,6343
"obtain",10032,8007
"shortterm",9980,5898
"speed",9967,4931
"sourc",9927,6769
"appli",9902,8481
"reduct",9872,6860
"sustain",9844,6215
"level",9838,6886
"import",9820,8367
"limit",9816,7992
"carbon",9795,3859
"current",9749,6795
"output",9730,6137
"industri",9684,5440
"novel",9658,7844
"plant",9617,4252
"respect",9533,7761
"first",9493,8676
"reliabl",9492,7089
"investig",9428,7736
"deep",9427,5236
"select",9407,6488
"inform",9364,6633
"flow",9348,4552
"econom",9326,5731
"solut",9320,6967
"train",9252,5985
"storag",9208,4381
"mechan",9205,6079
"assess",9164,6521
"air",8970,4165
"futur",8943,6636
"function",8776,6256
"environment",8774,5960
"water",8709,3488
"determin",8697,7142
"structur",8677,5522
"one",8662,7210
"characterist",8634,6345
"smart",8598,4014
"implement",8581,6748
"address",8579,7733
"cool",8548,3331
"averag",8535,6371
"fuel",8520,3924
"schedul",8432,3899
"complex",8420,6602
"relat",8298,6822
"gas",8258,3731
"exist",8216,6928
"support",8164,6488
"uncertainti",8159,4529
"batteri",8076,3212
"climat",8055,4100
"dataset",8020,5603
"input",7991,5738
"three",7946,6463
"environ",7934,5758
"various",7912,6739
"plan",7893,5188
"respons",7890,5092
"set",7880,5969
"regress",7879,4941
"unit",7803,5066
"employ",7734,6894
"low",7565,5893
"analyz",7548,6503
"experi",7536,6327
"find",7437,6628
"sensor",7425,2997
"engin",7414,5070
"realtim",7397,4781
"term",7392,6167
"turbin",7387,2576
"year",7383,5434
"natur",7363,5403
"total",7359,5517
"price",7352,3002
"final",7333,6815
"devic",7332,4038
"need",7253,6204
"will",7198,4929
"suppli",7197,4708
"region",7169,4177
"area",7161,4828
"well",7130,6048
"within",7130,5948
"rang",7106,5472
"cell",7084,2669
"influenc",7022,5545
"state",7003,4694
"capac",6979,4432
"introduc",6944,6354
"conduct",6886,5799
"order",6884,5740
"robust",6879,5028
"minim",6858,5737
"intellig",6807,4477
"stabil",6774,4505
"charg",6737,2394
"enabl",6718,5833
"numer",6703,4842
"behavior",6701,4272
"make",6686,5926
"global",6685,4948
"number",6669,4882
"reserv",6652,5838
"higher",6641,5509
"calcul",6628,4977
"advanc",6627,5489
"weather",6624,3831
"specif",6614,5484
"ieee",6612,6174
"save",6568,4394
"market",6557,2994
"seri",6539,3907
"methodolog",6520,4669
"depend",6489,5433
"identifi",6472,5395
"aim",6467,6057
"modul",6435,2885
"period",6403,4640
"pattern",6366,4454
"construct",6247,4790
"tool",6243,4248
"multipl",6236,4904
"tradit",6225,5233
"direct",6220,4820
"artifici",6185,4388
"compon",6180,4259
"key",6107,5381
"nonlinear",6106,4198
"larg",6066,4918
"activ",6060,3839
"residenti",6050,2901
"convent",6048,4973
"correl",5965,4124
"main",5959,5119
"voltag",5956,2739
"materi",5938,3104
"monitor",5922,3467
"across",5914,4692
"scheme",5914,3361
"better",5913,5141
"qualiti",5899,3971
"loss",5895,3621
"comfort",5844,2437
"establish",5838,5074
"lower",5810,4898
"practic",5772,4977
"therefor",5699,5306
"ensur",5692,5012
"architectur",5587,3578
"transfer",5581,2907
"object",5569,4450
"memori",5562,4036
"load",5554,3539
"sever",5547,4906
"local",5500,3677
"lead",5464,4847
"captur",5462,4144
"balanc",5459,4142
"contribut",5456,4783
"detect",5437,2538
"node",5433,2064
"right",5423,5352
"critic",5411,4727
"variat",5409,4255
"type",5400,3980
"maximum",5399,3963
"coeffici",5367,4010
"cycl",5335,2823
"avail",5327,4369
"decreas",5306,4281
"urban",5305,2191
"focus",5292,4915
"cluster",5282,2178
"peak",5270,2968
"issu",5256,4695
"linear",5244,3842
"mode",5229,3009
"offer",5216,4714
"overal",5197,4568
"lstm",5192,2833
"long",5190,4335
"polici",5136,3193
"decis",5116,3776
"ratio",5103,3297
"capabl",5036,4378
"field",5020,3543
"furthermor",5012,4838
"china",4987,2645
"task",4983,2868
"surfac",4971,2759
"frequenc",4968,2649
"point",4933,3611
"hydrogen",4925,1458
"extract",4916,3418
"real",4914,4113
"hour",4906,3175
"sector",4888,2933
"incorpor",4840,4346
"transform",4782,3163
"without",4776,4276
"consist",4754,4339
"produc",4739,3757
"reveal",4696,4364
"particular",4684,4315
"locat",4677,3354
"constraint",4672,3311
"affect",4658,4138
"coupl",4634,3240
"pressur",4610,2418
"size",4587,3004
"account",4580,4046
"user",4569,2426
"flexibl",4557,2653
"consum",4543,3273
"general",4530,3777
"observ",4530,3679
"statist",4519,3480
"comparison",4515,4048
"comprehens",4511,3959
"squar",4511,3657
"found",4499,3778
"layer",4480,2568
"microgrid",4466,1483
"maintain",4463,3995
"drive",4457,2363
"scale",4443,3102
"allow",4410,3837
"adopt",4406,3623
"may",4401,3687
"best",4393,3713
"articl",4391,3793
"second",4377,4048
"target",4375,2973
"tempor",4368,2820
"among",4363,3919
"part",4351,3579
"becom",4343,4035
"day",4338,2841
"configur",4313,2799
"transport",4312,2382
"collect",4296,3529
"irradi",4274,1985
"servic",4259,2594
"accord",4253,3828
"rmse",4247,3063
"actual",4227,3475
"random",4221,3250
"season",4221,2467
"absolut",4189,3425
"repres",4167,3619
"ann",4166,1904
"solv",4158,3556
"thus",4144,3844
"concentr",4092,2212
"outperform",4071,3903
"occup",4069,1622
"project",4061,2575
"phase",4047,2400
"essenti",4023,3857
"fluctuat",4018,3007
"recent",4003,3712
"annual",3989,2673
"precis",3986,3352
"role",3985,3680
"communic",3966,2283
"growth",3961,2539
"program",3950,2797
"standard",3948,3121
"trend",3940,2961
"moreov",3939,3786
"indoor",3935,1863
"longterm",3931,2710
"sampl",3929,2618
"cloud",3926,1528
"explor",3920,3449
"space",3918,2544
"caus",3907,3457
"stage",3874,2340
"profil",3873,2393
"pump",3862,1482
"mpc",3852,1610
"relationship",3852,3107
"station",3841,1937
"four",3839,3286
"suggest",3835,3351
"continu",3827,3235
"crucial",3827,3679
"mobil",3823,1723
"publish",3809,3584
"possibl",3766,3293
"weight",3749,2612
"deploy",3725,2804
"properti",3713,2532
"transmiss",3707,2188
"radiat",3700,1838
"citi",3679,2107
"farm",3640,1654
"adjust",3633,2899
"histor",3630,2948
"approxim",3626,2949
"physic",3619,2611
"yield",3610,2601
"via",3597,3120
"similar",3596,3019
"densiti",3595,2265
"usag",3592,2555
"ensembl",3590,1700
"help",3587,3226
"less",3586,3137
"attent",3584,2657
"vari",3581,3211
"benefit",3561,2893
"superior",3542,3375
"household",3526,1513
"verifi",3508,3333
"associ",3493,3026
"metric",3488,2808
"vector",3483,2539
"regul",3478,2309
"datadriven",3451,2375
"interact",3447,2572
"rout",3443,1269
"mitig",3442,2762
"remain",3408,3065
"track",3393,1749
"instal",3387,2420
"take",3374,3107
"singl",3366,2739
"convolut",3360,2316
"follow",3352,3006
"particl",3352,2050
"connect",3348,2515
"highlight",3344,3184
"promis",3344,3150
"intern",3318,2707
"carri",3310,3001
"mani",3309,3023
"wide",3300,3062
"amount",3295,2764
"refer",3283,2709
"initi",3279,2705
"rapid",3266,2922
"stochast",3266,1985
"suitabl",3265,2886
"countri",3253,2094
"sensit",3240,2519
"multiobject",3232,1875
"signal",3230,1952
"daili",3226,2237
"demand",3225,2690
"convert",3219,1851
"ventil",3205,1472
"strong",3198,2925
"exhibit",3194,2934
"often",3187,3008
"risk",3180,1795
"benchmark",3178,2577
"dispatch",3175,1750
"iot",3175,1385
"altern",3173,2721
"manufactur",3169,1723
"good",3165,2910
"extrem",3164,2233
"theoret",3163,2504
"typic",3149,2762
"analys",3143,2681
"wireless",3135,1625
"posit",3127,2358
"light",3118,1775
"secur",3115,1807
"per",3112,2313
"examin",3103,2801
"advantag",3101,2900
"feasibl",3093,2628
"confirm",3065,2891
"decomposit",3048,1728
"meteorolog",3026,1992
"traffic",3016,1333
"formul",3012,2569
"detail",3008,2653
"equip",3000,2255
"spatial",2995,1888
"transit",2993,2148
"group",2991,2343
"individu",2988,2336
"interv",2977,1729
"deriv",2971,2530
"previous",2961,2662
"toward",2958,2649
"major",2956,2710
"convers",2933,2044
"small",2918,2294
"green",2910,1505
"like",2909,2585
"meet",2908,2604
"aggreg",2906,1629
"abil",2903,2611
"alloc",2900,1756
"analyt",2899,2086
"degrad",2897,1705
"wast",2897,1574
"energyeffici",2891,2111
"reach",2874,2516
"month",2872,1857
"empir",2869,2330
"baselin",2863,2308
"especi",2860,2705
"fuzzi",2852,1333
"mae",2851,2115
"form",2849,2297
"realworld",2846,2500
"access",2826,2155
"panel",2825,1373
"percentag",2814,2521
"wave",2814,779
"consider",2808,2652
"expect",2807,2397
"delay",2801,1711
"given",2799,2569
"basi",2798,2520
"insight",2796,2551
"discuss",2783,2502
"goal",2758,2402
"understand",2757,2421
"infrastructur",2756,2051
"great",2753,2553
"index",2749,1895
"play",2746,2678
"extens",2739,2568
"fluid",2730,1674
"life",2726,1716
"maxim",2725,2329
"root",2713,2483
"step",2711,2053
"innov",2701,2299
"common",2695,2479
"hvac",2695,1102
"intens",2690,1818
"commerci",2688,1984
"public",2656,2012
"emerg",2638,2318
"equat",2636,1901
"platform",2630,1830
"mass",2624,1592
"coordin",2601,1684
"gradient",2591,1940
"share",2591,1855
"optimis",2587,1329
"character",2584,2172
"edg",2584,1158
"deviat",2576,2007
"fault",2571,915
"mainten",2571,1510
"oil",2570,1000
"mix",2568,1672
"digit",2556,1269
"purpos",2547,2310
"mape",2539,1865
"mathemat",2534,2055
"way",2520,2350
"literatur",2517,2264
"boost",2508,1845
"stabl",2508,2190
"center",2502,1258
"primari",2500,2029
"describ",2498,2210
"cut",2496,770
"univers",2492,2063
"greenhous",2490,1502
"softwar",2487,1861
"extend",2483,2188
"forc",2479,1385
"context",2478,2211
"substanti",2476,2309
"societi",2474,2390
"springer",2474,1942
"gap",2470,1915
"forest",2460,1805
"veloc",2458,1454
"institut",2457,2176
"filter",2453,1276
"gain",2452,2009
"involv",2450,2274
"probabilist",2444,1206
"open",2437,1897
"shown",2433,2206
"creat",2425,2163
"largescal",2414,1922
"simultan",2412,2172
"even",2394,2251
"zone",2388,1360
"coal",2385,897
"dayahead",2385,1389
"search",2385,1655
"dri",2372,715
"nation",2332,1817
"element",2326,1758
"therebi",2324,2168
"grey",2322,921
"highest",2319,2065
"normal",2318,1844
"success",2318,2105
"composit",2315,1405
"curv",2314,1481
"exchang",2306,1438
"quantifi",2305,2016
"reinforc",2300,1326
"horizon",2297,1639
"decisionmak",2277,1869
"subsequ",2266,2057
"genet",2261,1653
"recurr",2260,1678
"minimum",2254,1839
"circuit",2231,1141
"leverag",2231,2084
"along",2219,2002
"interpret",2218,1406
"swarm",2218,1633
"onlin",2217,1403
"probabl",2216,1599
"regard",2209,2063
"separ",2199,1585
"central",2195,1653
"acceler",2194,1599
"imag",2189,988
"modifi",2187,1677
"grow",2185,2064
"divers",2177,1891
"theori",2175,1719
"correspond",2174,2039
"scalabl",2174,1789
"correct",2172,1566
"name",2168,2041
"sinc",2168,2014
"concern",2167,2012
"face",2164,1981
"site",2160,1330
"five",2152,1902
"invest",2144,1426
"compress",2128,1013
"classif",2126,1274
"home",2122,949
"clean",2120,1429
"origin",2119,1868
"remov",2109,1207
"angl",2107,1111
"window",2096,1054
"promot",2093,1861
"sequenc",2092,1407
"copyright",2086,2044
"channel",2085,1021
"map",2081,1479
"path",2077,1208
"knowledg",2065,1609
"short",2061,1705
"recoveri",2058,1172
"simpl",2050,1784
"event",2042,1177
"mine",2039,1240
"heterogen",2036,1329
"virtual",2034,1109
"made",2020,1876
"penetr",2020,1528
"net",2019,1343
"reli",2019,1934
"popul",2017,1500
"rise",2010,1741
"avoid",2005,1767
"behaviour",2004,1206
"joint",2000,1340
"appropri",1998,1849
"chemic",1994,1464
"offic",1989,1067
"safeti",1985,1409
"switch",1977,1159
"residu",1973,1211
"economi",1972,1455
"fast",1971,1558
"combust",1970,862
"relev",1954,1784
"facilit",1949,1862
"technic",1946,1652
"biomass",1943,683
"resist",1943,1174
"nois",1941,1279
"realiz",1935,1687
"failur",1933,1176
"intermitt",1930,1611
"hot",1925,1201
"harvest",1912,790
"electron",1910,1313
"concept",1906,1528
"fit",1906,1561
"reason",1906,1747
"complet",1895,1671
"sens",1895,1124
"internet",1893,1460
"world",1891,1598
"report",1887,1657
"wall",1876,858
"trade",1875,1148
"difficult",1873,1811
"domain",1873,1257
"still",1873,1759
"predictor",1869,1273
"humid",1862,1246
"fossil",1858,1441
"next",1857,1645
"protocol",1856,866
"constant",1854,1453
"extern",1851,1407
"handl",1849,1635
"although",1846,1800
"lack",1842,1762
"pollut",1839,1180
"human",1835,1217
"necessari",1832,1753
"volum",1830,1327
"custom",1827,1144
"infer",1827,1244
"abl",1825,1646
"link",1813,1264
"move",1812,1488
"stateoftheart",1807,1690
"end",1800,1560
"trajectori",1799,978
"gate",1788,1327
"meter",1785,1049
"defin",1781,1595
"execut",1781,1276
"independ",1773,1528
"tree",1765,1190
"shift",1758,1400
"content",1755,1022
"close",1753,1595
"graph",1752,771
"consequ",1751,1664
"modern",1751,1553
"hous",1748,925
"embed",1747,1284
"conserv",1746,1370
"around",1739,1533
"transient",1730,1094
"membran",1725,657
"fusion",1724,949
"govern",1721,1404
"lifetim",1720,1051
"array",1716,910
"exampl",1716,1605
"aspect",1711,1514
"hardwar",1699,1133
"multivari",1697,1032
"organ",1688,1178
"facil",1687,1140
"fulli",1685,1527
"line",1684,1039
"prove",1671,1596
"contain",1670,1343
"exploit",1667,1464
"systemat",1666,1500
"spatiotempor",1659,868
"evolut",1655,1262
"least",1650,1410
"interest",1648,1533
"overcom",1647,1593
"latenc",1641,1035
"outcom",1633,1464
"optimum",1630,1197
"procedur",1630,1305
"agreement",1627,1532
"energysav",1622,997
"built",1621,1452
"henc",1621,1537
"run",1619,1336
"applianc",1608,761
"converg",1602,1281
"treatment",1599,843
"parallel",1594,1069
"refriger",1594,627
"autom",1591,1106
"switzerland",1590,1579
"strength",1589,991
"near",1586,1408
"communiti",1585,863
"reflect",1582,1353
"must",1576,1426
"much",1574,1462
"core",1572,1067
"island",1569,757
"thing",1568,1264
"disturb",1566,997
"cnn",1563,939
"cfd",1556,821
"exclus",1554,1537
"cold",1552,882
"bus",1547,906
"motion",1547,832
"serv",1547,1472
"action",1543,1252
"calibr",1542,923
"distanc",1541,1116
"llc",1541,1468
"pose",1533,1494
"stress",1532,862
"hierarch",1530,968
"cover",1529,1286
"stack",1529,800
"degre",1515,1203
"reactor",1512,616
"tradeoff",1509,1308
"fraction",1507,919
"attribut",1503,1262
"differenti",1499,1101
"hydropow",1495,542
"xgboost",1493,963
"particip",1489,1023
"reaction",1488,800
"side",1487,1042
"workload",1485,691
"autoregress",1483,1148
"greater",1483,1350
"recommend",1483,1242
"quantit",1482,1258
"license",1480,1479
"review",1480,930
"lowest",1477,1306
"call",1473,1368
"explain",1473,1045
"optic",1472,709
"feed",1468,889
"solid",1468,872
"equival",1456,1118
"scienc",1452,1376
"resili",1445,979
"receiv",1442,1027
"reservoir",1441,494
"record",1438,1221
"wiley",1438,1344
"replac",1437,1160
"hyperparamet",1429,1063
"mdpi",1428,1427
"outdoor",1428,920
"bidirect",1423,1069
"timeseri",1423,1034
"negat",1420,1219
"agricultur",1418,738
"discharg",1415,852
"power",1412,1249
"tune",1412,1119
"inher",1411,1344
"summer",1411,1019
"wherea",1411,1317
"driven",1409,1254
"server",1409,705
"classifi",1408,1045
"volatil",1408,1117
"health",1406,894
"static",1406,1033
"ambient",1405,1024
"oxid",1403,815
"perspect",1403,1240
"expans",1402,1006
"code",1401,922
"profit",1400,870
"compani",1399,1079
"identif",1390,1029
"occur",1383,1271
"room",1381,767
"domest",1378,978
"valuabl",1378,1353
"updat",1377,1064
"licenc",1371,1371
"road",1371,699
"fix",1370,1132
"basel",1365,1365
"six",1365,1215
"length",1364,981
"competit",1360,1145
"prevent",1358,1162
"full",1351,1169
"social",1347,904
"learningbas",1343,1114
"nuclear",1340,554
"accept",1338,1134
"assist",1335,1044
"min",1335,950
"threshold",1331,966
"kwh",1328,856
"shape",1328,913
"block",1326,773
"thermodynam",1326,871
"vibrat",1325,541
"mse",1324,972
"smooth",1322,981
"retrofit",1321,524
"formula",1319,674
"autonom",1316,849
"thermoelectr",1316,427
"illustr",1314,1274
"steam",1314,580
"son",1313,1247
"subject",1313,1154
"despit",1310,1278
"simplifi",1310,1083
"proport",1309,1095
"situat",1309,1122
"effort",1303,1204
"john",1301,1237
"preprocess",1301,1021
"steel",1301,557
"certain",1300,1228
"bayesian",1298,793
"motor",1296,645
"reactiv",1296,709
"diffus",1294,694
"medium",1293,1035
"match",1289,1058
"blade",1285,483
"predict",1276,1080
"lowcarbon",1273,828
"clear",1272,1103
"kinet",1272,758
"yet",1271,1240
"taken",1269,1213
"compens",1268,879
"domin",1266,1114
"give",1261,1168
"deal",1259,1182
"drop",1259,852
"winter",1259,889
"desir",1255,1122
"guarante",1255,1112
"proper",1255,1179
"compressor",1253,490
"height",1252,736
"multilay",1251,1024
"databas",1248,935
"earli",1248,942
"exceed",1245,1145
"guid",1244,1091
"driver",1240,854
"invert",1239,628
"mixtur",1238,680
"excel",1237,1181
"uncertain",1236,966
"robot",1235,374
"collabor",1232,779
"partial",1232,931
"format",1231,831
"automat",1225,1009
"topolog",1225,802
"mill",1223,401
"offshor",1223,470
"presenc",1223,1060
"option",1219,956
"collector",1217,490
"represent",1216,972
"twin",1215,545
"determinist",1206,899
"ground",1202,811
"elimin",1200,1097
"liquid",1197,640
"pathway",1197,906
"realist",1195,1067
"iter",1194,942
"thick",1192,715
"inject",1191,625
"known",1188,1127
"metal",1183,697
"principl",1182,1042
"resolut",1182,831
"anomali",1180,545
"boundari",1180,862
"implic",1180,1045
"distinct",1178,1109
"magnet",1177,490
"passiv",1176,713
"south",1168,795
"flux",1162,605
"entir",1160,1064
"feder",1158,460
"decompos",1156,1001
"deliv",1151,1042
"rotat",1150,668
"rule",1148,772
"torqu",1146,537
"compris",1144,1107
"costeffect",1143,1035
"logic",1142,763
"provinc",1142,665
"press",1141,1086
"excess",1136,1010
"pso",1136,759
"insul",1135,568
"last",1132,1092
"offload",1130,302
"margin",1129,832
"usual",1129,1063
"absorpt",1127,650
"chain",1126,666
"protect",1124,812
"fundament",1123,1050
"prefer",1123,841
"media",1121,995
"actuat",1118,518
"financi",1118,771
"depth",1117,716
"prototyp",1116,885
"vital",1116,1076
"dioxid",1115,798
"turn",1115,886
"wake",1114,283
"interfac",1110,780
"parametr",1110,885
"uav",1110,291
"discret",1108,839
"feedback",1104,774
"score",1101,843
"ahead",1100,840
"damag",1100,634
"contrast",1099,1032
"satisfi",1094,1019
"concret",1092,370
"envelop",1092,657
"matrix",1091,798
"whole",1091,984
"visual",1090,742
"larger",1087,977
"safe",1085,935
"soil",1085,370
"suffici",1085,1025
"finit",1083,908
"past",1082,970
"gaussian",1081,794
"shade",1080,433
"gru",1077,680
"criteria",1075,869
"european",1074,811
"turbul",1072,523
"accumul",1069,712
"cooper",1068,616
"twostag",1067,727
"forward",1062,826
"springerverlag",1062,1062
"basic",1061,951
"assum",1058,971
"dimens",1058,833
"opportun",1058,975
"vertic",1058,634
"wastewat",1058,401
"geograph",1057,860
"arima",1056,620
"packet",1056,618
"roll",1049,564
"survey",1049,787
"district",1048,535
"india",1048,642
"segment",1043,621
"expand",1041,872
"reconstruct",1040,695
"propag",1037,757
"geometri",1034,740
"inlet",1034,667
"gridconnect",1032,696
"led",1031,877
"frequent",1028,962
"svr",1028,623
"view",1028,920
"align",1024,911
"svm",1023,636
"taylor",1020,1006
"progress",1015,896
"moistur",1014,482
"coverag",1012,626
"multiscal",1012,561
"status",1012,770
"wavelet",1012,546
"agent",1010,578
"classic",1009,833
"atmospher",1008,711
"notabl",1008,988
"synchron",1008,625
"diesel",1007,512
"scientif",1007,919
"assumpt",1006,846
"dual",1006,775
"migrat",1003,383
"absorb",1002,586
"franci",1001,983
"throughput",1001,703
"constrain",1000,862
"durat",996,756
"million",996,675
"encod",995,623
"oscil",994,515
"uniqu",994,945
"refin",990,815
"age",987,601
"licens",987,848
"pipelin",985,514
"third",983,942
"store",979,761
"popular",976,906
"loop",975,628
"place",975,896
"lightweight",974,700
"togeth",972,933
"footprint",970,655
"attack",969,394
"soc",963,492
"kernel",961,603
"stream",960,587
"law",957,680
"ship",953,280
"tube",949,396
"chiller",947,324
"foundat",947,843
"remot",946,688
"ghg",945,391
"poor",945,902
"exergi",943,345
"overhead",943,757
"evapor",942,448
"aircondit",941,606
"american",941,898
"horizont",936,671
"deliveri",935,644
"processor",933,467
"decad",932,870
"underscor",930,896
"geotherm",929,298
"ideal",929,817
"rotor",927,389
"prior",926,810
"evid",925,849
"either",922,874
"rough",921,533
"neutral",920,646
"secondari",918,638
"attain",917,842
"desalin",917,362
"fabric",915,679
"start",914,762
"warm",912,728
"gmbh",911,907
"conclus",910,887
"divid",910,855
"oxygen",909,514
"roof",908,394
"conclud",907,886
"fan",907,405
"attract",906,867
"varianc",905,751
"laboratori",904,746
"enterpris",903,616
"matlab",903,861
"etc",901,807
"meanwhil",898,874
"rural",893,396
"hydraul",890,432
"rather",889,847
"bias",888,668
"germani",887,770
"hand",887,745
"explicit",886,777
"condens",882,394
"induc",881,745
"interconnect",881,615
"setpoint",880,515
"regular",879,706
"preserv",878,784
"privaci",878,463
"faster",877,809
"besid",866,828
"difficulti",866,819
"split",865,550
"decentr",861,574
"bilstm",860,509
"land",859,447
"strateg",855,733
"miss",853,536
"spectrum",853,484
"exponenti",851,679
"head",851,508
"orient",849,584
"efficaci",847,804
"tariff",847,482
"movement",846,551
"bandwidth",844,573
"quantiti",844,670
"multienergi",843,343
"quantil",842,383
"bodi",840,494
"expens",840,787
"resid",840,540
"guidanc",839,704
"emphas",837,814
"commit",834,536
"done",834,764
"express",833,690
"harmon",833,454
"choic",832,711
"causal",831,411
"fail",831,806
"person",831,499
"big",830,577
"silicon",830,461
"wear",830,322
"surrog",829,424
"primarili",827,813
"exhaust",824,521
"bound",823,637
"travel",823,502
"hidden",820,627
"mont",817,667
"perceptron",813,707
"carlo",810,660
"raw",809,647
"unlik",807,790
"mlp",802,484
"restrict",801,710
"markov",798,596
"doubl",797,601
"instead",796,765
"awar",794,619
"chip",791,424
"everi",791,722
"special",791,717
"smaller",790,739
"steadyst",790,634
"tank",790,457
"throughout",790,757
"varieti",789,743
"gdp",788,475
"equal",787,643
"res",787,381
"cascad",786,398
"daylight",786,278
"uniform",786,609
"multistep",785,451
"neighbor",784,627
"sequenti",781,656
"dissip",780,539
"isol",780,581
"inc",778,737
"insid",776,626
"geometr",775,571
"imbal",775,523
"spectral",774,407
"augment",773,580
"upon",772,728
"decarbon",771,556
"zero",771,600
"upper",767,625
"class",766,577
"candid",765,654
"airflow",764,406
"compact",764,571
"blend",762,333
"boiler",762,355
"bid",761,291
"friction",761,334
"largest",761,693
"congest",760,399
"insuffici",760,721
"paradigm",760,668
"sciencebusi",760,760
"leakag",759,386
"timevari",759,591
"bed",758,331
"confid",756,586
"convect",756,407
"week",755,585
"incom",750,529
"synthet",748,529
"whether",748,684
"elast",746,443
"revers",746,477
"come",745,712
"stock",745,392
"ton",745,486
"deposit",743,332
"ramp",742,286
"fill",741,586
"band",740,438
"unifi",740,627
"equilibrium",739,550
"food",738,363
"screen",738,474
"anfi",737,291
"diamet",736,490
"anticip",734,675
"entropi",734,457
"back",733,643
"tackl",732,713
"almost",730,696
"satellit",730,325
"instabl",728,587
"logist",727,438
"standalon",727,522
"utilis",726,591
"compromis",725,688
"radial",725,535
"rooftop",724,355
"regim",723,514
"furnac",721,316
"magnitud",721,650
"park",719,301
"manner",716,688
"viabl",716,677
"video",715,254
"proactiv",713,545
"pipe",712,307
"metaheurist",710,493
"electrod",709,330
"increment",708,525
"contact",707,402
"prioriti",707,536
"tunnel",707,275
"suppress",705,523
"categori",703,551
"sky",703,312
"aid",702,636
"termin",702,433
"anoth",700,672
"transmit",700,557
"worldwid",699,671
"persist",697,562
"ultim",697,659
"verif",693,630
"recycl",692,325
"keep",691,651
"penalti",691,519
"chosen",690,650
"lowpow",690,498
"recognit",690,462
"methan",689,290
"plate",689,341
"adequ",688,668
"complic",686,654
"compos",686,654
"policymak",686,640
"section",686,461
"elev",684,535
"transpar",682,514
"floor",681,394
"ecolog",680,362
"live",680,541
"frame",678,418
"revenu",678,445
"beyond",677,650
"bring",675,658
"seven",674,614
"busi",673,511
"campus",671,374
"marin",669,386
"model’",669,592
"evolutionari",666,450
"wsn",664,313
"alloy",663,294
"hard",663,505
"passeng",663,324
"declin",661,561
"lie",661,634
"return",661,515
"slight",661,620
"rais",660,634
"quick",659,627
"bridg",657,523
"suffer",657,645
"assign",656,523
"easili",655,625
"australia",654,510
"auxiliari",654,450
"crop",653,295
"wsns",651,335
"ocean",650,332
"cumul",649,517
"layout",649,400
"complementari",647,498
"turkey",647,288
"modelbas",646,510
"sink",646,312
"curtail",645,396
"motiv",642,583
"dnn",641,293
"imped",640,384
"aerodynam",639,319
"beam",639,280
"energi",639,532
"rnn",638,418
"japan",637,422
"dimension",636,501
"fact",636,608
"pure",636,480
"educ",634,429
"expert",634,441
"get",634,576
"heurist",634,496
"longer",633,596
"redund",633,505
"necessit",630,618
"ineffici",629,596
"rulebas",629,461
"rank",628,497
"threedimension",628,506
"distil",627,266
"free",627,469
"steadi",625,520
"fleet",624,321
"gradual",624,574
"highperform",624,531
"tailor",624,589
"film",623,273
"intrins",623,543
"quantum",623,280
"neuron",622,398
"violat",622,465
"branch",621,319
"subsystem",621,399
"except",620,591
"peopl",618,493
"alway",617,591
"releas",617,470
"sea",615,376
"chines",614,452
"prepar",614,514
"attempt",613,588
"cmos",611,385
"defect",611,318
"incent",611,408
"quadrat",611,511
"setup",611,547
"treat",611,530
"technoeconom",610,419
"capit",609,478
"percent",609,389
"favor",608,573
"flight",607,288
"partit",606,369
"evolv",605,548
"carrier",604,404
"decoupl",604,375
"criterion",603,462
"demandsid",603,450
"exogen",603,464
"remark",603,589
"tilt",603,268
"far",602,540
"tower",599,265
"reconfigur",598,290
"electrochem",597,370
"diagnosi",595,338
"fall",595,497
"inertia",594,364
"modif",594,506
"massiv",593,506
"act",589,531
"eight",589,549
"introduct",589,546
"owe",589,561
"socioeconom",589,428
"text",588,562
"buffer",587,317
"version",587,495
"acquir",586,552
"pmv",586,330
"shap",586,455
"nox",585,269
"burden",584,505
"outlet",583,413
"rsm",581,333
"allevi",580,552
"offlin",580,448
"under",580,555
"deform",579,309
"unpredict",577,514
"supervis",576,446
"top",574,495
"vote",574,478
"covid",573,264
"multimod",572,289
"electrif",571,390
"explan",570,464
"widespread",570,562
"cpu",569,348
"lowcost",569,476
"though",569,546
"acquisit",568,485
"princip",567,475
"bit",565,328
"care",565,516
"compound",565,370
"multidimension",565,428
"hold",564,515
"kind",564,529
"interfer",563,391
"shear",563,294
"width",563,434
"car",562,308
"heater",562,298
"indirect",562,390
"intraday",562,318
"later",562,426
"other",560,544
"quantif",560,453
"weak",560,485
"dwell",559,285
"strain",559,317
"rigor",558,524
"soft",558,360
"unknown",557,467
"newli",556,497
"pid",555,300
"kmean",554,443
"moder",554,504
"host",553,277
"barrier",551,421
"feedforward",551,443
"river",551,330
"reform",550,258
"invers",549,380
"minut",549,433
"qos",549,325
"substitut",547,407
"influenti",546,499
"might",543,498
"smallscal",543,420
"appear",542,505
"heavi",542,381
"adversari",541,311
"placement",541,318
"prospect",541,481
"induct",540,332
"trace",539,395
"respond",537,470
"reproduc",536,467
"preliminari",535,461
"batch",534,336
"latent",534,357
"contract",533,308
"synthesi",533,368
"miner",532,364
"outag",532,315
"littl",531,515
"spars",531,345
"spot",531,321
"aris",530,513
"pack",530,271
"polynomi",530,404
"recogn",529,502
"vmd",528,290
"instanc",526,469
"benefici",524,508
"constitut",524,484
"display",524,378
"radio",524,290
"satisfactori",524,511
"span",524,471
"accommod",523,472
"binari",523,395
"onsit",522,385
"displac",521,319
"extent",521,492
"hydrodynam",521,322
"seen",521,489
"viabil",521,470
"idea",520,497
"request",520,335
"resolv",520,479
"iran",519,310
"manual",519,436
"slide",519,332
"mismatch",517,413
"reson",517,254
"illumin",516,305
"label",516,336
"gather",515,442
"lag",515,419
"serious",515,498
"vulner",515,388
"endus",514,350
"healthcar",514,269
"game",513,277
"kalman",513,341
"morpholog",513,293
"whose",511,496
"brake",510,258
"multiag",510,276
"highresolut",508,419
"gross",507,428
"put",507,493
"priorit",505,444
"abnorm",503,329
"choos",503,473
"creativ",502,487
"decod",502,262
"energyplus",501,398
"moment",501,374
"permit",499,466
"slow",499,451
"incid",498,353
"outlier",498,308
"powertrain",498,258
"puls",498,272
"background",496,420
"impos",496,478
"closedloop",495,393
"huge",495,478
"runtim",495,313
"energyawar",494,329
"percept",494,338
"multistag",492,279
"nevertheless",492,488
"front",491,376
"gase",491,402
"phenomena",491,424
"thorough",491,483
"cop",490,268
"backpropag",489,403
"fed",489,431
"molecular",489,296
"fuse",488,415
"vapor",488,281
"provis",487,332
"bill",486,352
"highspe",486,324
"variant",486,382
"purchas",485,335
"minimis",484,411
"pivot",484,473
"today",484,459
"chamber",483,300
"consumpt",483,401
"discrep",483,428
"struggl",483,480
"amplitud",482,329
"intervent",482,366
"korea",482,323
"pair",482,374
"instantan",481,395
"north",481,389
"obstacl",481,281
"proven",481,463
"autoencod",480,310
"iii",480,430
"acid",479,257
"electrolysi",479,256
"novelti",479,462
"physicsbas",477,350
"upgrad",477,354
"circul",476,323
"encourag",474,455
"pareto",474,385
"dens",473,373
"topic",472,409
"modular",471,335
"nonstationari",471,371
"toler",471,368
"micro",470,293
"propuls",470,262
"specifi",469,445
"surround",469,376
"hinder",468,467
"regressor",467,287
"electromagnet",466,280
"nitrogen",466,288
"satur",466,334
"har",465,425
"ten",464,435
"asset",463,331
"payback",462,370
"tend",462,447
"arrang",461,371
"stakehold",461,394
"fulfil",460,436
"irregular",460,369
"descript",459,408
"endtoend",459,367
"categor",457,398
"seek",457,447
"guidelin",456,418
"overload",456,273
"packag",456,318
"ration",456,401
"synergist",456,376
"diagnost",455,316
"relianc",455,443
"southern",455,349
"capita",454,279
"question",454,382
"electrolyt",452,262
"mixedinteg",452,398
"intend",449,439
"shortag",449,380
"ignor",448,434
"neglect",448,432
"regulatori",448,354
"spain",448,349
"europ",447,330
"aerial",445,309
"instrument",445,375
"satisfact",445,310
"billion",442,287
"distort",442,327
"now",442,431
"factori",441,281
"centr",440,325
"dispers",440,340
"modal",439,271
"broad",437,414
"cross",437,325
"excit",436,269
"multisourc",436,281
"urgent",436,425
"chaotic",435,270
"enough",433,412
"encompass",432,423
"recov",432,374
"unman",432,306
"cnnlstm",431,284
"latter",431,423
"offset",431,330
"phenomenon",431,378
"privat",431,322
"brazil",430,257
"crossvalid",430,386
"nomin",429,349
"advers",427,397
"downstream",427,305
"municip",426,258
"alter",425,385
"asm",425,409
"amplifi",424,278
"northern",424,325
"plugin",424,269
"finetun",423,357
"highqual",423,394
"wolf",423,316
"navig",421,279
"spring",421,296
"suit",421,391
"networkbas",420,368
"read",420,269
"transact",419,274
"occurr",418,361
"speci",418,276
"easi",417,405
"integ",417,361
"surpass",416,411
"deterior",415,343
"highfrequ",414,326
"apart",413,276
"precipit",412,266
"sun",412,312
"vision",412,299
"concurr",411,360
"count",411,317
"neurofuzzi",411,261
"hightemperatur",410,278
"recurs",410,316
"behalf",409,407
"energet",409,284
"lifecycl",409,285
"london",407,352
"alreadi",406,392
"perturb",406,327
"dedic",405,374
"strengthen",405,355
"automot",404,285
"biolog",404,284
"impli",404,387
"expenditur",402,289
"intermedi",402,322
"trigger",402,326
"cope",401,380
"multilevel",401,261
"sort",401,363
"accomplish",400,390
"cyclic",400,279
"deplet",399,361
"export",399,265
"fair",399,307
"budget",398,300
"extra",397,356
"semiconductor",397,271
"devis",396,362
"encount",395,380
"most",395,386
"necess",395,387
"subset",395,315
"lifespan",394,328
"pilot",394,285
"spread",393,317
"arriv",392,294
"sole",392,376
"threat",392,326
"andor",391,362
"matlabsimulink",390,378
"conflict",389,325
"ident",389,362
"alon",388,361
"interpol",387,268
"machinelearn",387,307
"intric",384,369
"knn",384,263
"synthes",384,325
"pool",383,263
"portion",382,364
"disrupt",381,318
"nextgener",381,351
"durabl",380,280
"granular",379,281
"half",379,353
"promin",379,371
"shapley",379,356
"translat",379,315
"figur",378,334
"qualit",378,344
"selfattent",378,281
"nowaday",377,374
"alongsid",376,370
"graphic",376,320
"higheffici",376,318
"matter",376,299
"nsgaii",376,272
"inner",375,307
"knearest",375,337
"broader",374,367
"twodimension",374,285
"unnecessari",374,350
"informa",373,373
"unstabl",371,335
"versus",371,332
"bulk",370,267
"compet",370,335
"highfidel",370,315
"highprecis",369,333
"nine",369,337
"pass",369,314
"friend",368,355
"onboard",368,263
"crisi",367,298
"maker",367,337
"quit",366,348
"stationari",366,298
"just",364,351
"rare",363,330
"surplus",363,266
"languag",362,261
"adjac",358,283
"predomin",358,352
"afford",356,315
"herein",356,347
"inspir",356,327
"depart",355,316
"itali",355,274
"contributor",353,343
"draw",353,281
"check",352,309
"generic",352,296
"sudden",352,308
"journal",351,328
"repeat",351,313
"expos",350,329
"energyintens",348,299
"lot",348,304
"system’",348,305
"heavili",347,340
"inclus",347,313
"occupi",346,303
"planner",346,306
"seamless",346,311
"aidriven",345,269
"homogen",345,268
"korean",345,324
"wellknown",345,337
"era",344,300
"iet",344,339
"obvious",344,324
"conveni",343,293
"prolong",341,310
"overlook",340,335
"abund",339,320
"characteris",339,258
"sophist",339,334
"sum",339,314
"highdimension",337,291
"petroleum",337,258
"date",336,302
"note",336,327
"begin",335,323
"retain",335,318
"agre",333,323
"greatest",332,315
"decid",330,318
"intensifi",330,314
"compat",329,302
"mutual",329,294
"pearson",329,314
"strict",329,306
"inaccur",328,304
"outsid",328,287
"drawback",327,304
"discov",326,298
"scarciti",326,282
"showcas",326,311
"ecosystem",325,261
"histori",325,283
"nondomin",323,292
"true",323,280
"exact",322,293
"met",322,294
"onedimension",322,279
"imper",321,318
"programm",321,254
"scope",321,293
"stand",321,287
"dramat",320,317
"experienc",320,300
"iop",320,314
"neglig",320,307
"perfect",320,293
"proxim",320,269
"trial",319,279
"distinguish",318,307
"holist",317,267
"solver",317,259
"usa",317,262
"ablat",316,284
"absenc",316,297
"conceptu",316,258
"replic",316,271
"plus",315,259
"emphasi",310,303
"mark",310,302
"outlin",310,297
"underestim",310,271
"overfit",309,273
"summar",303,277
"abstract",302,270
"narrow",302,275
"momentum",300,260
"bottleneck",299,257
"definit",299,265
"plot",298,257
"complianc",297,256
"overestim",297,262
"rsquar",297,268
"shorter",297,285
"inadequ",296,293
"suboptim",294,276
"diminish",292,285
"fewer",292,281
"possess",292,280
"python",292,270
"indepth",290,283
"predefin",289,264
"longrang",288,256
"vast",288,279
"aforement",287,274
"complement",287,279
"reproduct",286,266
"look",285,271
"timeconsum",285,280
"earlier",283,254
"pave",283,281
"tri",283,267
"counterpart",279,264
"shortcom",279,270
"escal",278,259
"mention",277,267
"stronger",277,259
"creation",276,254
"conjunct",274,265
"incur",273,262
"undergo",270,262
"indersci",269,269
"add",268,262
"brought",268,264
"meaning",266,261
"eventu",264,256
"preval",264,254
"pronounc",260,257
"designmethodologyapproach",259,259
"originalityvalu",257,257
"wileyvch",257,257
