Topic,Prevalence_Rank,Prevalence_Percent,Top_Terms,Representative_Titles,Topic_Label,Macro_Theme
2,1,2.33378724845857,"shortterm, featur, deep, learn, lstm, long, memori, tempor, extract, accuraci",Spatiotemporal Co-Attention Hybrid Neural Network for Pedestrian Localization Based on 6D IMU | Multivariate Time Series Deep Spatiotemporal Forecasting with Graph Neural Network | AutoGRN: An adaptive multi-channel graph recurrent joint optimization network with Copula-based dependency modeling for spatio-temporal fusion in electrical power systems | Multiscale graph based spatio-temporal graph convolutional network for energy consumption prediction of natural gas transmission process | Short-Term Power Load Forecasting Based on GJO-TCN-BiGRU-TPA,Deep learning for spatiotemporal forecasting,Data-Driven Forecasting and Analysis
23,2,2.26164413207026,"control, voltag, mpc, system, stabil, propos, strategi, regul, frequenc, convert",Decentralized model predictive hierarchical control strategy for islanded AC microgrids | Predictive direct virtual torque and power control of doubly fed induction generators for fast and smooth grid synchronization and flexible power regulation | Optimized Distributed Control for Power Sharing and Voltage-Frequency Regulation in Islanded Microgrids | A Nonlinear Adaptive Backstepping Controller for Stabilizing the DC Bus Voltage of an Islanded Hybrid Microgrid | Multi-objective predictive control of cascaded H-bridge multilevel inverter based grid integrated PV based distributed generation system with improved power quality features,"Voltage, frequency, and microgrid control","Grid Control, Monitoring, and Smart Systems"
45,3,2.18847669552767,"develop, futur, polici, econom, sector, growth, countri, will, project, plan","Resource demand growth and sustainability due to increased world consumption | Trends of energy demand in the Middle East: A sectoral level analysis | Turkey's energy production, consumption, and policies, until 2020 | Current demographics suggest future energy supplies will be inadequate to slow human population growth | Causality relationship among renewable energy consumption, carbon emission and economic growth: Empirical evidence from Bangladesh","Energy policy, demand, and economic growth","Sustainability, Climate, and Energy Policy"
3,4,2.13986519490033,"can, one, order, possibl, will, new, also, requir, larg, need",Integrated path towards geological storage | Renewable energy and transmission networks | Stochastic Processes in the Analysis of Electrical Load Forecasting | Efficient low power intelligent health care monitoring system using IOT | Machine learning techniques for solar energy generation prediction in photovoltaic systems,Mixed research topics with generic language,Cross-Cutting and Mixed Topics
11,5,2.13841713116387,"framework, integr, demonstr, across, robust, achiev, enabl, address, captur, enhanc",TriAlignNet: A triple-path cross-modality alignment framework for multimodal time series forecasting | Development status and prospects of pretrained foundation models for remote sensing imagery; [面向遥感图像的预训练基础模型发展现状与展望] | A Reproducible Benchmarking Methodology for Machine Learning Hardware: Performance–Energy Trade-Offs from GPUs to Apple Silicon | Pre-Trained Large Model as Distributed PV Power Forecaster: Integrating Scenario-Consistent Retrieval-Augmented Generation and Cross-Modal Semantic Alignment | Geometric Principles of Stereo Vision: A Quantitative Evaluation and Physical Validation of the Classical Pipeline,Integrated and multimodal learning frameworks,Data-Driven Forecasting and Analysis
36,6,2.13674882367535,"build, comfort, thermal, occup, indoor, ventil, air, save, studi, hvac",Determination of optimum window to externalwall ratio for offices in a hot and humid climate | Numerical investigation of window design strategies for energy efficiency and thermal–visual comfort in buildings | Energy performance of windows in office buildings considering daylight integration and visual comfort in hot climates | Enhancing Sustainability in Building Design: Hybrid Approaches for Evaluating the Impact of Building Orientation on Thermal Comfort in Semi-Arid Climates | Evaluation of Passive Cooling and Thermal Comfort in Historical Residential Buildings in Zanzibar,Building energy use and thermal comfort,Buildings and Residential Energy Use
39,7,2.1236626163287,"studi, sustain, research, environment, find, signific, advanc, contribut, insight, highlight",Advancing sustainable energy systems: A decade of SETA research contribution to sustainable development goals | Unpacking the role of green supply chain and renewable energy innovation in advancing environmental sustainability: A Quantile-Based approach | Autonomous Vehicles in Warehouse Inventory Management: Insights from Malaysia’s National Telecommunication and Digital Infrastructure Provider | Evolutionary Multi-Objective Feature Selection Algorithms on Multiple Smart Sustainable Community Indicator Datasets | BIM-driven energy simulation and optimization for net-zero tall buildings: sustainable construction management,Sustainability and environmental research,"Sustainability, Climate, and Energy Policy"
29,8,2.11472795511101,"renew, storag, price, grid, market, cost, sourc, microgrid, flexibl, suppli","Microeconomic models of electricity storage: Price Forecasting, arbitrage limits, curtailment insurance, and transmission line utilization | Energy-cost-aware flow shop scheduling considering intermittent renewables, energy storage, and real-time electricity pricing | Electricity storage and market power | Econometric modeling of carbon price impacts on the bidding mechanism between different energy sources in the electricity market | An hourly-resolution capacity sharing market for generation-side clustered renewable-storage plants","Renewable energy, storage, and electricity markets","Renewable Energy, Storage, and Power-System Planning"
43,9,2.1041826823946,"heat, temperatur, thermal, cool, air, condit, pump, perform, hot, exchang",Performance prediction on a novel dual-mode heat pump with a hybrid photovoltaic/micro-channel heat pipe/fin heat exchanger | Tiles as solar air heater to support a heat pump for residential air conditioning | Performance evaluation of an indirect pre-cooling evaporative heat exchanger operating in hot and humid climate | Study of an innovative ejector heat pump-boosted district heating system | Performance characterization of M-cycle indirect evaporative cooler and heat recovery ventilator for commercial buildings – Experiments and model,"Heat pumps, cooling, and heat transfer","Thermal, Fuel, and Industrial Processes"
46,10,2.10343297571355,"flow, transfer, numer, experiment, pressur, simul, rate, fluid, mass, investig",Numerical Investigation of Slurry Pressure Drop at Different Pipe Roughness in a Straight Pipe Using CFD | Numerical Investigation on Hydraulic Conveying of Fine Slag Particles Based on a Coupled Modeling | Flow instability investigation at supercritical pressures in parallel channels by computational fluid dynamics adopting low- And high-power boundaries | Numerical simulation and comparative analysis of pressure drop estimation in horizontal and vertical slurry pipeline | Hydrodynamics and energy consumption studies in a three-phase liquid circulating three-phase fluid bed contactor,Fluid flow and numerical heat-transfer analysis,"Thermal, Fuel, and Industrial Processes"
50,11,2.08972856778505,"distribut, uncertainti, schedul, oper, problem, propos, consid, stochast, program, unit",Two-stage robust generation expansion planning: A mixed integer linear programming model | Two-Stage Robust Security Constrained Unit Commitment Considering the Spatiotemporal Correlation of Uncertainty Prediction Error | Integration of renewable generation uncertainties into stochastic unit commitment considering reserve and risk: A comparative study | Two-level unit commitment and reserve level adjustment considering large-scale wind power integration | Solar photovoltaic dispatch margins with stochastic unbalanced demand in distribution networks,Stochastic scheduling and unit commitment,"Renewable Energy, Storage, and Power-System Planning"
38,12,2.08386112800483,"method, base, propos, new, can, paper, construct, improv, result, final",Area Moment and Error Based Forecasting Difficulty and its Application in Inflow Forecasting Level Evaluation | Optimal Configuration Analysis Method of Energy Storage System Based on “Equal Area Criterion” | Multi-scenario investment forecast of new energy projects based on multiple linear regression and comprehensive evaluation model of differentiated project priorities | Research on Model Calibration Method of Chiller Plants Based on Error Reverse Correction with Limited Data | Mobile payment risk prediction of communication operators under new business model,General modeling and evaluation methods,Cross-Cutting and Mixed Topics
31,13,2.08334249356395,"model, develop, accur, valid, nonlinear, grey, accuraci, new, linear, mathemat",A variable-order fractional discrete grey model and its application | The application of an optimized fractional order accumulated grey model with variable parameters in the total energy consumption of Jiangsu Province and the consumption level of Chinese residents | A novel fractional time delayed grey model with Grey Wolf Optimizer and its applications in forecasting the natural gas and coal consumption in Chongqing China | Application of a novel grey Bernoulli model to predict the global consumption of renewable energy | Application of a novel quadratic polynomial discrete grey model to forecast energy consumption of China,Grey models and nonlinear forecasting,Data-Driven Forecasting and Analysis
14,14,2.08210780094315,"network, sensor, node, communic, transmiss, wireless, rout, mobil, propos, scheme",Energy and spectrum aware unequal clustering with deep learning based primary user classification in cognitive radio sensor networks | Energy efficient and QoS based routing protocol for wireless sensor networks | Power aware multiple QoS constraints routing protocol with mobility prediction for MANET | A power-aware multicast routing protocol for mobile ad hoc networks with mobility prediction | EEQRPI-MRP: A quality of service based interference aware multipath routing protocol for MANETs,Wireless sensor networks and routing,Computing and Communication Infrastructure
1,15,2.08110112556388,"learn, machin, model, regress, accuraci, support, random, featur, algorithm, vector",Comparison of machine-learning models for predicting short-term building heating load using operational parameters | Improving the prediction of wind speed and power production of SCADA system with ensemble method and 10-fold cross-validation | Analysing feature selection: impacts towards forecasting electricity power consumption | Integrating machine learning-based classification and regression models for solvent regeneration prediction in post-combustion carbon capture: An absorption-based case | Evaluation of Various Tree-Based Ensemble Models for Estimating Solar Energy Resource Potential in Different Climatic Zones of China,Machine-learning regression and prediction,Data-Driven Forecasting and Analysis
9,16,2.07464505952394,"gas, fuel, hydrogen, product, wast, process, engin, oil, combust, biomass",Optimization of hydrogen production from three reforming approaches of glycerol via using supercritical water with in situ CO2 separation | Hydrogen production by reforming of liquid hydrocarbons in a membrane reactor for portable power generation-Experimental studies | Thermodynamic analysis of hydrogen generation via oxidative steam reforming of glycerol | Hydrogen and electricity production from a food processing wastewater using fermentation and microbial fuel cell technologies | Catalytic methane oxidation in the exhaust gas aftertreatment of a lean-burn natural gas engine,"Hydrogen, fuels, and biomass conversion","Thermal, Fuel, and Industrial Processes"
33,17,2.0604928348493,"optim, algorithm, multiobject, paramet, solut, minim, object, problem, function, search",Inspired grey wolf optimizer for solving large-scale function optimization problems | Decomposition based multi-objective evolutionary algorithm for energy-saving design of homestay buildings | Implementation of Chaotic Reverse Slime Mould Algorithm Based on the Dandelion Optimizer | Transformer-accelerated multi-objective high-dimensional multi-fractional-order optimization algorithm for proportional-integral controller parameters tuning of doubly-fed induction generators | Parameter optimization of nonlinear grey Bernoulli model using particle swarm optimization,Multi-objective optimization algorithms,Optimization and Engineering Design
5,18,2.02724239020957,"emiss, carbon, reduct, china, scenario, industri, green, develop, environment, greenhous",Model Construction and Scenario Analysis for Carbon Dioxide Emissions from Energy Consumption in Jiangsu Province: Based on the STIRPAT Extended Model | How to achieve the dual-control targets of China's CO2 emission reduction in 2030? Future trends and prospective decomposition | Carbon peak prediction and emission reduction pathways of China's low-carbon pilot cities: A case study of Wuxi city in Jiangsu province | Prediction of Energy Consumption and Carbon Dioxide Emissions in Gansu Province of China under the Background of “Double Carbon” | Influencing factors and scenario forecasts of carbon emissions of the Chinese power industry: Based on a generalized divisia index model and monte carlo simulation,Carbon emissions and reduction scenarios,"Sustainability, Climate, and Energy Policy"
20,19,2.02578266148489,"applic, comput, architectur, implement, design, propos, low, filter, circuit, reduc","A 22nm, 10.8 μ W/15.1 μ W Dual Computing Modes High Power-Performance-Area Efficiency Domained Background Noise Aware Keyword- Spotting Processor | A 1998-Mpixels/s 75-pJ/pixel Slice-Alternated Display Stream Compression Encoder | Approximate versatile video coding fractional interpolation filters and their hardware implementations | A hardware-efficient block matching algorithm and its hardware design for variable block size motion estimation in ultra-high-definition video encoding | Worst Case Driven Display Frame Compression for Energy-Efficient Ultra-HD Display Processing",Energy-efficient computing hardware and circuits,Computing and Communication Infrastructure
17,20,2.00111509531976,"cell, effici, current, densiti, devic, high, materi, layer, properti, convers","Direct band-gap iodide double perovskite solar cell materials by doping strategy: First-principles predictions | Optical, electronic, and photoelectrochemical properties of the p-type Cu3-xVO4 semiconductor | Prediction of the physical properties of the non-synthesized novel materials Fr2SnX6 (X=Br, Cl, I): Contribution of ab initio calculations | A New Class of Bifunctional Perovskites BaMX4 (M = Co, Ni, Fe, Mn; X = F, Cl, Br, I): An n-Type Semiconductor with Combined Multiferroic and Photovoltaic Properties | Silver–Bismuth Halide Double Salts for Lead-Free Photovoltaics: Insights from Symmetry-Based Modeling",Solar-cell and energy-material properties,"Materials, Devices, and Energy Harvesting"
25,21,2.00040389367751,"comput, resourc, task, cloud, servic, alloc, edg, center, schedul, reinforc",Resource provisioning and scheduling in clouds: QoS perspective | LiMPO: lightweight mobility prediction and offloading framework using machine learning for mobile edge computing | Joint Task Allocation and Computation Offloading in Mobile Edge Computing With Energy Harvesting | A Predictive Priority-Based Dynamic Resource Provisioning Scheme with Load Balancing in Heterogeneous Cloud Computing | MVPOA: A Learning-Based Vehicle Proposal Offloading for Cloud-Edge-Vehicle Networks,Cloud and edge resource scheduling,Computing and Communication Infrastructure
24,22,1.9886984545498,"differ, use, valu, result, studi, obtain, type, determin, respect, dri",Drying strategies for fluidized-bed drying of paddy | Drying kinetics of technical specified rubber | Comparison of barrel-shaped fixed bed drying for different ventilation methods by mathematic simulation | Far-infrared drying characteristics of mushroom slices | Development and testing of novel photovoltaic-thermal collector-based solar dryer for green tea drying application,Drying processes and thermal performance,"Thermal, Fuel, and Industrial Processes"
42,23,1.98242596214075,"increas, result, effect, rate, loss, reduc, decreas, higher, show, lower",Effects of ocean acidification on the interaction between calcifying oysters (Ostrea chilensis) and bioeroding sponges (Cliona sp.) | Operational characteristics of oscillatory micro-screen emulsifier: Coupling effects and energy dissipation | Optimization of microwave dewatering of an Indonesian lignite | Experiment and Analysis on Friction Damage and Energy Loss Characteristics of Potatoes | EFFECTS OF DISTILLERS DRIED GRAINS WITH SOLUBLES REPLACING SOYBEAN MEAL ON PELLETING CHARACTERISTICS OF MASH FEED AND OPTIMIZATION OF PROCESSING PARAMETERS,Experimental effects and performance changes,Cross-Cutting and Mixed Topics
19,24,1.98185360682176,"factor, analysi, variabl, influenc, correl, studi, impact, effect, relationship, indic","Causality analysis of meteorologically sensitive in offshore wind power generation based on the time-lagged convergent cross mapping | Importance analysis and meta-model construction with correlated variables in evaluation of thermal performance of campus buildings | Multiple Linear Regression-Based Correlation Analysis of Various Critical Weather Factors and Solar Energy Generation in Smart Homes | Analysis of factors influencing energy consumption of electric vehicles: Statistical, predictive, and causal perspectives | Hydropower externalities: A meta-analysis","Factor, sensitivity, and correlation analysis",Data-Driven Forecasting and Analysis
40,25,1.97781985615624,"estim, measur, use, present, paramet, point, methodolog, state, function, curv",A Bayesian Approach for Modeling and Forecasting Solar Photovoltaic Power Generation | Optimization of sustainable EDM parameters for machining Ti-6al-4v using ANN and PSO | Derivation and conformity measurement of a popular explicit analytic Borowy 2C PV module model | Finite Iterative Forecasting Model Based on Fractional Generalized Pareto Motion | Development and validation of a comprehensive methodology for predicting PAT performance curves,Parameter estimation and model validation,Data-Driven Forecasting and Analysis
4,26,1.96578714463529,"model, error, mean, squar, absolut, rmse, valu, accuraci, root, respect",The Impact of the Weather Forecast Model on Improving AI-Based Power Generation Predictions through BiLSTM Networks | Demand Side Control for Energy Saving in Renewable Energy Resources Using Deep Learning Optimization | Wind speed prediction in some major cities in Africa using Linear Regression and Random Forest algorithms | Performance Evaluation of Machine Learning Models for Predicting Energy Consumption and Occupant Dissatisfaction in Buildings | COMPARISON OF CLASSIC AND NEURAL NETWORK MODELS FOR FORECASTING ELECTRICITY CONSUMPTION OF NON-HOUSEHOLD CONSUMER; [ПОРІВНЯННЯ КЛАСИЧНИХ ТА НЕЙРОМЕРЕЖЕВИХ МОДЕЛЕЙ ДЛЯ ПРОГНОЗУВАННЯ ОБСЯГІВ СПОЖИВАННЯ ЕЛЕКТРОЕНЕРГІЇ НЕПОБУТОВОГО СПОЖИВАЧА],Prediction accuracy and error evaluation,Data-Driven Forecasting and Analysis
8,27,1.9616038169779,"plant, cost, water, product, econom, capac, oper, unit, cycl, studi",The potential biomass for energy production in the Czech Republic | Cost analysis of a coal-fired power plant using the NPV method | Assessment of the Impact of Flow Changes and Water Management Rules in the Dam Reservoir on Energy Generation at the Jeziorsko Hydropower Plant | Off-grid SeaWater Reverse Osmosis (SWRO) desalination driven by hybrid tidal range/solar PV systems: Sensitivity analysis and criteria for preliminary design | Water Resources Management at Lake Tiberias and the Lower Jordan Valley in interplay with seawater desalination and hydropower generation,"Energy plants, water systems, and cost analysis","Thermal, Fuel, and Industrial Processes"
49,28,1.95925311558392,"mechan, structur, phase, materi, experiment, element, forc, effect, test, harvest",Finite element analysis of HSS semi-rigid composite joints with precast concrete slabs and demountable bolted shear connectors | Output Voltage Model and Mechanical-Magnetic Design of Magnetostrictive Vibration Energy Harvester with a Rotating Up-Frequency Structure; [旋转升频结构磁致伸缩振动能量收集器输出电压模型与机-磁设计] | A resonant frequency self-tunable rotation energy harvester based on magnetoelectric transducer | Experimental investigation on mechanical properties of glass fiber reinforced recycled aggregate concrete under uniaxial cyclic compression | Cyclic behavior of column-to-column connections in novel prefabricated H-shaped steel beam to CFST column joint,Structural materials and vibration energy harvesting,"Materials, Devices, and Energy Harvesting"
47,29,1.95435583125386,"manag, smart, grid, intellig, realtim, system, integr, digit, effici, enabl","Research on key technologies of high energy efficiency and low power consumption of new data acquisition equipment of power Internet of Things based on artificial intelligence | A framework for blockchain-based management of IoT-driven data sharing | SQAHO-IoMT: A Post-Quantum Secure and AI-Resilient Aggregation Framework for Smart Healthcare Systems | Grid Modernization in the Age of Artificial Intelligence and Cloud: Synergies Between Grid Modernization, Artificial Intelligence, and Cloud | Design and implementation of a security improvement framework of Zigbee network for intelligent monitoring in IoT Platform",Smart-grid and IoT-enabled management,"Grid Control, Monitoring, and Smart Systems"
15,30,1.95167810994632,"effici, improv, enhanc, reduc, perform, signific, achiev, optim, util, effect","Performance improvement and multi-objective optimization of energy, economic, and environmental factors in organic Rankine cycle using machine learning-driven quasi-two-stage single screw expander | Multilevel parallel integration framework for enhancing energy efficiency of wing-assisted ships based on deep learning and intelligent algorithms: Towards a smarter and greener shipping | Adaptive two-step power prediction and improved perturbation method for accelerated MPPT with reduced oscillations in photovoltaic systems | Optimizing system efficiency using premium efficient motors | VMMISD: An Efficient Load Balancing Model for Virtual Machine Migrations via Fused Metaheuristics With Iterative Security Measures and Deep Learning Optimizations",Efficiency and performance improvement,Optimization and Engineering Design
13,31,1.95117871248763,"technolog, reserv, right, research, develop, engin, paper, present, institut, new",A review of recent patents on micro-combustion and applications | Identifying the Development Trends of Emerging Technologies Using Patent Analysis and Web News Data Mining: The Case of Perovskite Solar Cell Technology | The Application of Infrared Thermography for Enhancing Maintenance in Public University | Powering MEMS portable devices - A review of non-regenerative and regenerative power supply systems with special emphasis on piezoelectric energy harvesting systems | A Review of Key Technologies for High-Speed Motorized Spindles of CNC Machine Tools,"Technology development, patents, and reviews",Cross-Cutting and Mixed Topics
41,32,1.94646147002395,"region, climat, chang, area, urban, studi, citi, impact, potenti, assess","Spatio-temporal analysis of land use land cover change and its impact on land surface temperature of Sialkot City, Pakistan | Climate change reshapes the relationship between urban morphology and energy performance: Building energy consumption and photovoltaic potential in severe cold regions | Climate Change and Renewable Energy Generation in Europe—Long-Term Impact Assessment on Solar and Wind Energy Using High-Resolution Future Climate Data and Considering Climate Uncertainties | Estimating the impacts of climate change and urbanization on building performance | Exploring the natural ventilation potential of urban climate for high-rise buildings across different climatic zones",Regional climate and environmental impacts,"Sustainability, Climate, and Energy Policy"
28,33,1.94524901330107,"first, mode, compon, model, propos, base, final, second, combin, decomposit",A Short-Term Electricity Load Complementary Forecasting Method Based on Bi-Level Decomposition and Complexity Analysis | An error-corrected deep Autoformer model via Bayesian optimization algorithm and secondary decomposition for photovoltaic power prediction | Short-term prediction of photovoltaic power based on quadratic decomposition and residual correction | A novel hybrid model based on modal decomposition and error correction for building energy consumption prediction | Multi-task Prediction of Two-stage Optical Storage Microgrids Based on Mode Decomposition and Reconstruction; [基于模态分解与重构的两阶段光储微网多任务短期预测*],Decomposition and error correction in forecasting,Data-Driven Forecasting and Analysis
26,34,1.94273632949253,"time, seri, use, period, hour, season, averag, day, daili, month",Short-term electricity demand forecasting using double seasonal exponential smoothing | Forecasting intraday time series with multiple seasonal cycles using parsimonious seasonal exponential smoothing | Feature averaging of historical meteorological data with machine and deep learning assist wind farm power performance analysis and forecasts | Sensitivity analysis for forecasting Brazilian electricity demand using artificial neural networks and hybrid models based on Autoregressive Integrated Moving Average | Time series analysis of electric energy consumption using autoregressive integrated moving average model and Holt Winters model,Seasonal and time-series forecasting,Data-Driven Forecasting and Analysis
12,35,1.93663714397306,"perform, evalu, test, use, compar, result, differ, studi, show, two",On performance modeling of ad hoc routing protocols | Floating Epoch Length Improves the Accuracy of Accelerometry-Based Estimation of Coincident Oxygen Consumption | Performance of gas tankless (instantaneous) water heaters under various international standards | Assessing the environmental impact of thermal transmittance tests performed in facades of existing buildings: The case of Spain | Microturbine performance testing using biodiesel,Performance evaluation across applications,Cross-Cutting and Mixed Topics
48,36,1.93466635783143,"system, oper, integr, ltd, suppli, wiley, develop, son, can, john",Planning and operation of an integrated energy system in a Swedish building | Power grid operation optimization and forecasting using a combined forecasting system | Conditional value-at-risk-based optimal spinning reserve for wind integrated power system | Design and verification of a novel energy-efficient pump-valve primary-auxiliary electro-hydraulic steering system for multi-axle heavy vehicles | Research on carbon emission accounting and low carbon operation methods for urban water supply systems,Integrated-system planning and operation,"Grid Control, Monitoring, and Smart Systems"
32,37,1.93296243169125,"solar, photovolta, modul, output, irradi, radiat, panel, weather, use, condit",Verification of computational optimum tilt angles of a photovoltaic module using an experimental photovoltaic system | Tracking benefits for solar collectors installed in Bangalore | Increasing the solar photovoltaic energy capture on sunny and cloudy days | Performance evaluation of photovoltaic modules at different tilt angles and orientations | Output energy of a photovoltaic module mounted on a single-axis tracking system,Solar photovoltaic performance and irradiance,"Renewable Energy, Storage, and Power-System Planning"
7,38,1.92938644011297,"challeng, howev, limit, high, due, complex, address, issu, exist, applic",Thermodynamically Constrained AI Model for Multi-Temporal Scale Energy Consumption Prediction of Mining Equipment | Temporal logistic neural Bag-of-Features for financial time series forecasting leveraging limit order book data | RUDE: Fusing Rules and Deep Learning for High-Speed Drone Path Planning | On the theoretical analysis of hydrogen-oxygen explosion limits | Energy Consumption Forecasting in Net-Zero Energy Buildings: Firefly-Driven LSTM for Smart Consumer Electronics and Edge-Based Energy Optimization,Mixed applications and research challenges,Cross-Cutting and Mixed Topics
35,39,1.92196423623223,"use, behavior, residenti, household, consum, profil, activ, pattern, user, aggreg",A novel method for the bi-directional transformation between human living activities and appliance power consumption patterns | Analysis of social–Psychological factors and financial incentives in demand response and residential energy behavior | Electricity forecasting on the individual household level enhanced based on activity patterns | Disentangling household and individual actors in explaining private electricity consumption | Inaccurate consumer perceptions of monetary savings in a demand-side response programme predict programme acceptance,Household energy use and residential behavior,Buildings and Residential Energy Use
16,40,1.91777960429371,"network, neural, model, use, artifici, train, input, ann, accuraci, result",Novel Cooperative Multi-Input Multilayer Perceptron Neural Network Performance Analysis with Application of Solar Irradiance Forecasting | Predicting energy consumption using artificial neural networks: A case study of the UAE | Artificial neural network based short term electrical load forecasting | Predicting parameters of heat transfer in a shell and tube heat exchanger using aluminum oxide nanofluid with artificial neural network (Ann) and self-organizing map (som) | Development of an intelligent system based on ANFIS for predicting wheat grain yield on the basis of energy inputs,Artificial neural networks for prediction,Data-Driven Forecasting and Analysis
27,41,1.91387632276902,"design, simul, perform, use, develop, configur, present, tool, optimis, valid",A framework for generating and evaluating façade designs using a multi-agent system approach | Rapid design space exploration using legacy design data and technology scaling trend | An extensible framework for software configuration optimization on heterogeneous computing systems: Time and energy case study | A high-fidelity design methodology using LES-based simulation and POD-based emulation: A case study of swirl injectors | On the development of multi-linear regression analysis to assess energy consumption in the early stages of building design,Simulation-based design and configuration,Optimization and Engineering Design
21,42,1.91377419322435,"data, use, inform, collect, histor, set, base, accuraci, real, can",InfoCAVB-MemoryFormer: Forecasting of wind and photovoltaic power through the interaction of data reconstruction and data augmentation | Analysis and impact evaluation of missing data imputation in day-ahead PV generation forecasting | Research on Interpolation Method for Missing Electricity Consumption Data | Electricity Load Forecasting using Hybrid Datasets with Linear Interpolation and Synthetic Data | Missing Value Filling Based on the Collaboration of Cloud and Edge in Artificial Intelligence of Things,Missing-data handling for energy forecasting,Data-Driven Forecasting and Analysis
6,43,1.90920144131403,"electr, vehicl, batteri, charg, drive, manag, station, transport, traffic, rang","An effective range estimation and state-of-charge to mitigate range anxiety in electric vehicles | Coordinated management of connected plug-in hybrid electric buses for energy saving, inter-vehicle safety, and battery health | Optimal recharging framework and simulation for electric vehicle fleet | Repercussion of effect of different drive cycles on evaluation of electrical consumption for electric four-wheeler to achieve optimal performance of electric vehicle | Hierarchical Optimization of Speed Planning and Energy Management for Connected Hybrid Electric Vehicles Under Multi-Lane and Signal Lights Aware Scenarios",Electric vehicles and battery charging,Electric Mobility
10,44,1.90667786479826,"approach, propos, hybrid, techniqu, novel, compar, combin, method, result, util",Short-term electricity demand forecasting using a hybrid ANFIS–ELM network optimised by an improved parasitism–predation algorithm | An efficient power management control strategy for grid-independent hybrid renewable energy systems with hybrid energy storage: Hybrid approach | Optimized energy management for hybrid renewable energy sources with Hybrid Energy Storage: An SMO-KNN approach | A hybrid approach based economic assessment EV charging station powered by integrating solar PV and biomass | Optimizing hybrid renewable energy systems with integrated electric vehicle using a hybrid approach,Hybrid methods for energy forecasting and management,"Renewable Energy, Storage, and Power-System Planning"
30,45,1.89738124925003,"dynam, strategi, adapt, propos, base, oper, adjust, effect, reduc, realtim",Transformer-based probabilistic demand forecasting with adaptive online learning | Intelligent Energy Management Strategy for PHEV with Adaptive Rule-Parameter Updating | The interactive dispatch strategy for thermostatically controlled loads based on the source–load collaborative evolution | Data-Knowledge-Driven Multiobjective Adaptive Optimal Control for Wastewater Treatment Processes under Multiple Operating Conditions | Research on energy management strategy of fuel cell power generation system based on Grey–Markov chain power prediction,Adaptive control and energy-management strategies,"Grid Control, Monitoring, and Smart Systems"
37,46,1.88131504752098,"process, paramet, industri, product, tool, manufactur, machin, qualiti, surfac, cut",Tool tip cutting specific energy prediction model and the influence of machining parameters and tool wear in milling | Prediction models for energy consumption and surface quality in stainless steel milling | OPTIMIZATION EXPERIMENTAL STUDY OF MACHINING ENERGY CONSUMPTION OF ZIG-ZAG MILLING CUTTING PATH USING RSM | Optimization of milling process of AISI 4340 Steel for enhanced tool life and surface quality using response surface methodology and bayesian technique | A Supervised Machine Learning Model for Tool Condition Monitoring in Smart Manufacturing,Industrial machining and process optimization,"Thermal, Fuel, and Industrial Processes"
18,47,1.83080159321513,"detect, monitor, oper, author, fault, reliabl, use, mainten, degrad, can",Novel Modeling Framework for PV Faults Under Partial Shading | An adaptive early fault detection model of induced draft fans based on multivariate state estimation technique | Accident modeling and risk assessment framework for safety critical decision-making: Application to deepwater drilling operation | Feedback a learning tool for future organizations | A combined approach for model-based PV power plant failure detection and diagnostic,Fault detection and condition monitoring,"Grid Control, Monitoring, and Smart Systems"
22,48,1.80998217749964,"generat, can, sampl, elsevi, similar, wave, ltd, result, mine, model",A general multi-source ensemble transfer learning framework integrate of LSTM-DANN and similarity metric for building energy prediction | Research on Adversarial Domain Adaptation Method and Its Application in Power Load Forecasting | Wave power atlas of Eastern Mediterranean and Aegean Seas | An ensemble strategy for transfer learning based human thermal comfort prediction: Field experimental study | Analysis of wave focusing characteristics of parabolic reflecting wall,Transfer learning and cross-domain prediction,Data-Driven Forecasting and Analysis
44,49,1.80223692210614,"use, natur, base, cluster, part, result, fuzzi, group, author, springer",Determining the model for short-term load forecasting using fuzzy logic and ANFIS | Research of power load prediction based on boost clustering | Trust-based energy-aware routing using GEOSR protocol for Ad-Hoc sensor networks | Research on Short-Term Load Forecasting of Distribution Stations Based on the Clustering Improvement Fuzzy Time Series Algorithm | Load interval prediction of the power system based on type-2 fuzzy theory,Fuzzy logic and clustering for load forecasting,Data-Driven Forecasting and Analysis
34,50,1.79748704452699,"wind, speed, turbin, farm, use, output, generat, studi, model, blade",Analysis of senegal type vertical axis wind turbines arrangement in wind farm | Using nacelle-based wind speed observations to improve power curve modeling for wind power forecasting | Partial repowering analysis of a wind farm by turbine hub height variation to mitigate neighboring wind farm wake interference using mesoscale simulations | Stochastic prediction of wind generating resources using the enhanced ensemble model for Jeju Island's wind farms in South Korea | How wind speed shear and directional veer affect the power production of a megawatt-scale operational wind turbine,"Wind turbines, wind speed, and power prediction","Renewable Energy, Storage, and Power-System Planning"
