"K","Topic","Prevalence_Rank","Mean_Probability","Prevalence_Percent"
50,2,1,0.0233378724845857,2.33378724845857
50,23,2,0.0226164413207026,2.26164413207026
50,45,3,0.0218847669552767,2.18847669552767
50,3,4,0.0213986519490033,2.13986519490033
50,11,5,0.0213841713116387,2.13841713116387
50,36,6,0.0213674882367535,2.13674882367535
50,39,7,0.021236626163287,2.1236626163287
50,29,8,0.0211472795511101,2.11472795511101
50,43,9,0.021041826823946,2.1041826823946
50,46,10,0.0210343297571355,2.10343297571355
50,50,11,0.0208972856778505,2.08972856778505
50,38,12,0.0208386112800483,2.08386112800483
50,31,13,0.0208334249356395,2.08334249356395
50,14,14,0.0208210780094315,2.08210780094315
50,1,15,0.0208110112556388,2.08110112556388
50,9,16,0.0207464505952394,2.07464505952394
50,33,17,0.020604928348493,2.0604928348493
50,5,18,0.0202724239020957,2.02724239020957
50,20,19,0.0202578266148489,2.02578266148489
50,17,20,0.0200111509531976,2.00111509531976
50,25,21,0.0200040389367751,2.00040389367751
50,24,22,0.019886984545498,1.9886984545498
50,42,23,0.0198242596214075,1.98242596214075
50,19,24,0.0198185360682176,1.98185360682176
50,40,25,0.0197781985615624,1.97781985615624
50,4,26,0.0196578714463529,1.96578714463529
50,8,27,0.019616038169779,1.9616038169779
50,49,28,0.0195925311558392,1.95925311558392
50,47,29,0.0195435583125386,1.95435583125386
50,15,30,0.0195167810994632,1.95167810994632
50,13,31,0.0195117871248763,1.95117871248763
50,41,32,0.0194646147002395,1.94646147002395
50,28,33,0.0194524901330107,1.94524901330107
50,26,34,0.0194273632949253,1.94273632949253
50,12,35,0.0193663714397306,1.93663714397306
50,48,36,0.0193466635783143,1.93466635783143
50,32,37,0.0193296243169125,1.93296243169125
50,7,38,0.0192938644011297,1.92938644011297
50,35,39,0.0192196423623223,1.92196423623223
50,16,40,0.0191777960429371,1.91777960429371
50,27,41,0.0191387632276902,1.91387632276902
50,21,42,0.0191377419322435,1.91377419322435
50,6,43,0.0190920144131403,1.90920144131403
50,10,44,0.0190667786479826,1.90667786479826
50,30,45,0.0189738124925003,1.89738124925003
50,37,46,0.0188131504752098,1.88131504752098
50,18,47,0.0183080159321513,1.83080159321513
50,22,48,0.0180998217749964,1.80998217749964
50,44,49,0.0180223692210614,1.80223692210614
50,34,50,0.0179748704452699,1.79748704452699
