K,Perplexity,Elapsed_seconds,Training_documents,Heldout_documents,Vocabulary,Empty_training_removed,Empty_heldout_removed
5,728.258979053638,171.242354154587,40608,10153,2002,0,0
10,668.026243029729,196.025362253189,40608,10153,2002,0,0
15,632.395846361243,224.550260066986,40608,10153,2002,0,0
20,603.216461487158,275.211251497269,40608,10153,2002,0,0
25,582.417761259671,289.894738674164,40608,10153,2002,0,0
30,563.040959661156,354.752271652222,40608,10153,2002,0,0
40,531.595144459672,378.594629764557,40608,10153,2002,0,0
50,507.864968518445,549.014264822006,40608,10153,2002,0,0
60,488.605322875443,412.300541639328,40608,10153,2002,0,0
