"K","Topic","Coherence"
70,1,-94.0681425327395
70,2,-70.6105829798274
70,3,-86.9329799579676
70,4,-88.583839944432
70,5,-67.5382731465974
70,6,-95.8566288313708
70,7,-82.623925231641
70,8,-112.253164893664
70,9,-99.6825685375165
70,10,-111.941988497511
70,11,-64.2861591661706
70,12,-75.1825536191395
70,13,-66.1867724994484
70,14,-70.5036651244117
70,15,-83.5619418818846
70,16,-75.4091412041204
70,17,-75.3853787994946
70,18,-66.1448188056622
70,19,-104.00870258583
70,20,-42.50102899942
70,21,-63.7067724311314
70,22,-86.4443983709155
70,23,-82.1215068559585
70,24,-60.2896178831632
70,25,-86.6866892276482
70,26,-110.193538971332
70,27,-86.2483326853672
70,28,-97.7659048867345
70,29,-105.992416455741
70,30,-79.8456002846623
70,31,-83.7233690184951
70,32,-66.6399843007679
70,33,-61.7283825180477
70,34,-79.8781710592943
70,35,-98.2479692103501
70,36,-100.934086391434
70,37,-111.971820369518
70,38,-82.8570444951977
70,39,-70.2875750615322
70,40,-47.65250081265
70,41,-82.9929994109867
70,42,-86.7647702839353
70,43,-62.9432024485619
70,44,-80.5095853733246
70,45,-77.6919219328901
70,46,-89.1690582397631
70,47,-57.5919019923127
70,48,-131.563958535217
70,49,-62.5257163485259
70,50,-85.597054272667
70,51,-71.7494918400823
70,52,-46.3574671565353
70,53,-91.1114364464365
70,54,-88.3199996686805
70,55,-98.2715836767362
70,56,-82.0714869595086
70,57,-86.7258408125531
70,58,-66.668109120855
70,59,-44.3818002331729
70,60,-46.4271679075095
70,61,-86.2504736359801
70,62,-61.9506996505622
70,63,-110.35827800303
70,64,-62.0754580333422
70,65,-59.151596493875
70,66,-131.960614651417
70,67,-83.4312367089671
70,68,-67.2812070348368
70,69,-77.2786913182077
70,70,-117.991486598731
