"K","Topic","Rank","Term","Beta"
20,1,1,"system",0.0634723466644946
20,1,2,"temperatur",0.0625899378241156
20,1,3,"heat",0.0566845863538867
20,1,4,"thermal",0.0445344953978985
20,1,5,"model",0.0341492221226684
20,1,6,"condit",0.033809834107138
20,1,7,"air",0.0289226466835003
20,1,8,"perform",0.0270220737965301
20,1,9,"cool",0.0236281936412261
20,1,10,"simul",0.0232888056256957
20,2,1,"technolog",0.0370029058817199
20,2,2,"also",0.0252986600656514
20,2,3,"will",0.0224062315019104
20,2,4,"techniqu",0.0222716999408061
20,2,5,"one",0.0209936501103159
20,2,6,"research",0.019917397621482
20,2,7,"engin",0.0196483344992735
20,2,8,"need",0.0189084109132002
20,2,9,"new",0.0188411451326481
20,2,10,"futur",0.0185720820104397
20,3,1,"load",0.12591700655651
20,3,2,"electr",0.121671283600373
20,3,3,"demand",0.0450394643428874
20,3,4,"vehicl",0.0385664768851706
20,3,5,"use",0.0345991619917313
20,3,6,"batteri",0.032302295474477
20,3,7,"charg",0.0318150813647563
20,3,8,"time",0.0234628394838315
20,3,9,"paper",0.0211659729665771
20,3,10,"manag",0.0180338822612303
20,4,1,"model",0.274994962485332
20,4,2,"predict",0.07467967333199
20,4,3,"error",0.0520404897649555
20,4,4,"mean",0.0270307110600116
20,4,5,"compar",0.0228821695686702
20,4,6,"neural",0.0212227529721337
20,4,7,"regress",0.0203930446738654
20,4,8,"accuraci",0.0133997890170327
20,4,9,"averag",0.0132812592601373
20,4,10,"train",0.0130441997463463
20,5,1,"method",0.152824905079657
20,5,2,"predict",0.138886436166858
20,5,3,"propos",0.0717168914060825
20,5,4,"result",0.045164423477175
20,5,5,"base",0.0345686643036442
20,5,6,"improv",0.027189474879221
20,5,7,"first",0.0244774650907577
20,5,8,"final",0.0195580054744756
20,5,9,"accuraci",0.0191795855039923
20,5,10,"show",0.0189273055236702
20,6,1,"system",0.0688245903526613
20,6,2,"oper",0.0586553589930542
20,6,3,"energi",0.0573122529644269
20,6,4,"cost",0.050980467400898
20,6,5,"grid",0.0308338769714878
20,6,6,"renew",0.0299384729524029
20,6,7,"storag",0.0292349412231219
20,6,8,"generat",0.0255893677168477
20,6,9,"demand",0.0227752407997237
20,6,10,"schedul",0.0225833685099198
20,7,1,"design",0.036651420317766
20,7,2,"reduc",0.0245479591290858
20,7,3,"architectur",0.0244142192264484
20,7,4,"use",0.0213382014657893
20,7,5,"implement",0.0206695019526026
20,7,6,"perform",0.0184627935590863
20,7,7,"high",0.0169247846787568
20,7,8,"show",0.0156542556037019
20,7,9,"consumpt",0.0152530358957899
20,7,10,"cach",0.0151861659444712
20,8,1,"control",0.15858407805198
20,8,2,"system",0.0923792735918668
20,8,3,"strategi",0.0381309611653139
20,8,4,"voltag",0.0254912410155503
20,8,5,"oper",0.0235098794785603
20,8,6,"propos",0.0224850373042551
20,8,7,"activ",0.0197521248394414
20,8,8,"can",0.0196154792162007
20,8,9,"dynam",0.0180440545489328
20,8,10,"paper",0.0169508895630073
20,9,1,"data",0.157469946921009
20,9,2,"use",0.0429885245677951
20,9,3,"predict",0.0359613574030865
20,9,4,"detect",0.02443134525905
20,9,5,"cluster",0.0223163726172445
20,9,6,"monitor",0.0199967252036514
20,9,7,"approach",0.0195873756600761
20,9,8,"smart",0.0175406279421998
20,9,9,"collect",0.0174041780943414
20,9,10,"train",0.0167219288550493
20,10,1,"framework",0.0346911908047141
20,10,2,"demonstr",0.0339316682912009
20,10,3,"integr",0.0282985429826449
20,10,4,"challeng",0.0279187817258883
20,10,5,"signific",0.0264630302416547
20,10,6,"novel",0.0255769206425561
20,10,7,"enhanc",0.0255136270997633
20,10,8,"approach",0.0236781143587731
20,10,9,"address",0.0234249401876021
20,10,10,"improv",0.0233616466448093
20,11,1,"paramet",0.0414346255195458
20,11,2,"measur",0.0411629675912092
20,11,3,"use",0.0396688489853576
20,11,4,"perform",0.0356618945423922
20,11,5,"simul",0.0264255249789465
20,11,6,"experiment",0.0246597484447584
20,11,7,"design",0.0235052022493277
20,11,8,"estim",0.0228939719105702
20,11,9,"differ",0.0213319388226345
20,11,10,"analysi",0.0209244519301296
20,12,1,"energi",0.326864902261351
20,12,2,"consumpt",0.135118086737116
20,12,3,"build",0.0813991345279922
20,12,4,"use",0.0350054939837487
20,12,5,"save",0.0284941058371882
20,12,6,"effici",0.0179131000990274
20,12,7,"result",0.0145217521060271
20,12,8,"reduc",0.0141826173067271
20,12,9,"consum",0.013775655547567
20,12,10,"manag",0.013775655547567
20,13,1,"process",0.0535527986223714
20,13,2,"product",0.0350126324522041
20,13,3,"effici",0.0340699121384668
20,13,4,"cell",0.0270309337958948
20,13,5,"fuel",0.0233229005618613
20,13,6,"gas",0.0198034113905753
20,13,7,"increas",0.018169362846764
20,13,8,"current",0.0169124024284475
20,13,9,"materi",0.0168495544075317
20,13,10,"hydrogen",0.014649873675478
20,14,1,"comput",0.0546285854042964
20,14,2,"consumpt",0.0357419460032338
20,14,3,"can",0.034179382311779
20,14,4,"resourc",0.0335679443455576
20,14,5,"applic",0.0278611899941574
20,14,6,"reduc",0.0269780018207264
20,14,7,"perform",0.0248040001630501
20,14,8,"requir",0.0231734989197929
20,14,9,"user",0.0231734989197929
20,14,10,"time",0.0201842466404881
20,15,1,"forecast",0.133339642809424
20,15,2,"featur",0.0368046586202289
20,15,3,"network",0.0356355498151695
20,15,4,"data",0.0290105999198325
20,15,5,"shortterm",0.0277301474190531
20,15,6,"accuraci",0.0274517881797533
20,15,7,"model",0.0264496949182737
20,15,8,"propos",0.0233877432859751
20,15,9,"seri",0.0227196811116555
20,15,10,"deep",0.0224413218723556
20,16,1,"network",0.0868310926355888
20,16,2,"sensor",0.0408817273068528
20,16,3,"devic",0.0385877347866587
20,16,4,"node",0.0282995259082125
20,16,5,"ieee",0.0232249363938438
20,16,6,"scheme",0.0221822125210283
20,16,7,"base",0.0193321006019992
20,16,8,"communic",0.0184979215037469
20,16,9,"mobil",0.018150346879475
20,16,10,"wireless",0.0168295633072421
20,17,1,"algorithm",0.101148927853473
20,17,2,"optim",0.0834194214876033
20,17,3,"problem",0.054312318516864
20,17,4,"propos",0.0522182823319187
20,17,5,"base",0.0277878601742238
20,17,6,"improv",0.0236695890104981
20,17,7,"function",0.0203191311145857
20,17,8,"solv",0.0189231069912888
20,17,9,"object",0.0171780768371678
20,17,10,"first",0.0167592696001787
20,18,1,"studi",0.063117573697699
20,18,2,"develop",0.0307056614634013
20,18,3,"emiss",0.0256348760398536
20,18,4,"elsevi",0.0222086696725917
20,18,5,"impact",0.0220716214179012
20,18,6,"evalu",0.0198103252155084
20,18,7,"scenario",0.0191936080694012
20,18,8,"import",0.0185768909232941
20,18,9,"factor",0.0181657461592227
20,18,10,"indic",0.017411980758425
20,19,1,"wind",0.102046727167407
20,19,2,"generat",0.0777622647674781
20,19,3,"speed",0.0401844727969463
20,19,4,"model",0.0376594828226417
20,19,5,"distribut",0.027039672048361
20,19,6,"turbin",0.0250345329511192
20,19,7,"can",0.0247374753070833
20,19,8,"effect",0.0224352785658057
20,19,9,"use",0.0208757259346176
20,19,10,"paper",0.0196132309474654
20,20,1,"solar",0.0658420566043363
20,20,2,"use",0.0494393248039128
20,20,3,"photovolta",0.0407160538009603
20,20,4,"output",0.0315454355670872
20,20,5,"modul",0.0269974053860607
20,20,6,"generat",0.0236423011541559
20,20,7,"condit",0.0223002594613939
20,20,8,"predict",0.0212564492559124
20,20,9,"differ",0.0204363126658913
20,20,10,"weather",0.0182741343831082
30,1,1,"product",0.0473275320372451
30,1,2,"fuel",0.0340937220328655
30,1,3,"emiss",0.03314164937068
30,1,4,"gas",0.0303806386503418
30,1,5,"effici",0.0295237732543748
30,1,6,"plant",0.0280956642610964
30,1,7,"water",0.025810689871851
30,1,8,"process",0.0256202753394139
30,1,9,"carbon",0.0248586172096654
30,1,10,"use",0.0244777881447912
30,2,1,"forecast",0.2152645438481
30,2,2,"load",0.141895637711791
30,2,3,"model",0.029633415335574
30,2,4,"seri",0.0289404386542393
30,2,5,"time",0.0260819098437338
30,2,6,"electr",0.0241762239700634
30,2,7,"shortterm",0.0224437822667267
30,2,8,"data",0.0222705380963931
30,2,9,"hybrid",0.0193253872007207
30,2,10,"accuraci",0.0176795675825508
30,3,1,"framework",0.049556920135314
30,3,2,"demonstr",0.0376066333284307
30,3,3,"integr",0.0338376967201059
30,3,4,"enhanc",0.0334699955875864
30,3,5,"approach",0.031631489924989
30,3,6,"address",0.0314476393587292
30,3,7,"achiev",0.0282302544491837
30,3,8,"signific",0.028046403882924
30,3,9,"challeng",0.0278625533166642
30,3,10,"effici",0.0264836740697161
30,4,1,"electr",0.113915606268793
30,4,2,"demand",0.0995778322082164
30,4,3,"cost",0.0750841348547305
30,4,4,"energi",0.0380448851982396
30,4,5,"price",0.0313738375450545
30,4,6,"storag",0.0313738375450545
30,4,7,"market",0.0241053826393452
30,4,8,"peak",0.0220144572555111
30,4,9,"reduc",0.0193261246191529
30,4,10,"plan",0.0177330386124221
30,5,1,"algorithm",0.146450865690393
30,5,2,"optim",0.10719053040713
30,5,3,"problem",0.0723469828432335
30,5,4,"propos",0.0403498095873739
30,5,5,"function",0.026804993914648
30,5,6,"solv",0.0260197872089828
30,5,7,"dynam",0.0218974520042401
30,5,8,"object",0.0197381335636606
30,5,9,"base",0.0189529268579954
30,5,10,"can",0.017480664284873
30,6,1,"use",0.0806604064355724
30,6,2,"approach",0.0692563749563359
30,6,3,"estim",0.050866089958288
30,6,4,"level",0.0455236607968439
30,6,5,"present",0.0432634023054637
30,6,6,"reserv",0.0348388024739557
30,6,7,"right",0.0288799391784988
30,6,8,"techniqu",0.0266196806871186
30,6,9,"order",0.0255922904637639
30,6,10,"paper",0.0249758563297512
30,7,1,"factor",0.0415138239671327
30,7,2,"differ",0.0396273083614564
30,7,3,"effect",0.0388936634036934
30,7,4,"characterist",0.0321860523612887
30,7,5,"structur",0.0283082147273985
30,7,6,"type",0.0283082147273985
30,7,7,"variabl",0.0255832477414216
30,7,8,"analysi",0.0203429266145429
30,7,9,"import",0.0202381201920054
30,7,10,"indic",0.0202381201920054
30,8,1,"cell",0.0390674759282155
30,8,2,"experiment",0.0389738113971001
30,8,3,"current",0.0308249971900641
30,8,4,"effici",0.0281087257877187
30,8,5,"modul",0.027921396725488
30,8,6,"devic",0.0228635120452587
30,8,7,"materi",0.0209902214229516
30,8,8,"design",0.0198662470495673
30,8,9,"loss",0.0181802854894908
30,8,10,"phase",0.015089355962684
30,9,1,"network",0.0625329635741872
30,9,2,"featur",0.0568334552631131
30,9,3,"neural",0.0448389676233901
30,9,4,"propos",0.0440733620293652
30,9,5,"deep",0.0341204893070419
30,9,6,"data",0.0280807118430679
30,9,7,"time",0.0262942987903432
30,9,8,"extract",0.0256988277727683
30,9,9,"dataset",0.0235721455671436
30,9,10,"inform",0.0235721455671436
30,10,1,"model",0.497607315935681
30,10,2,"predict",0.06307155747511
30,10,3,"develop",0.0509053673175578
30,10,4,"base",0.0324533122452704
30,10,5,"paramet",0.0222134355293307
30,10,6,"valid",0.0211995863495346
30,10,7,"use",0.0194760427438814
30,10,8,"physic",0.016535880122473
30,10,9,"mathemat",0.0102500152077377
30,10,10,"two",0.0101486302897581
30,11,1,"model",0.0882613638553288
30,11,2,"error",0.0844075765458504
30,11,3,"mean",0.0441354991618013
30,11,4,"predict",0.0410524693142186
30,11,5,"regress",0.0324777925506291
30,11,6,"result",0.0246738732489354
30,11,7,"train",0.0226506349114592
30,11,8,"valu",0.0224579455459853
30,11,9,"support",0.0206273965739831
30,11,10,"data",0.0204347072085092
30,12,1,"system",0.318390234834872
30,12,2,"oper",0.103899456802363
30,12,3,"condit",0.0289257905281203
30,12,4,"paper",0.0289257905281203
30,12,5,"can",0.0263440527087593
30,12,6,"develop",0.0207674990189396
30,12,7,"simul",0.020147881942293
30,12,8,"use",0.0195282648656464
30,12,9,"integr",0.0181857611995787
30,12,10,"perform",0.0173596050973832
30,13,1,"data",0.150984922421176
30,13,2,"smart",0.0399446292349672
30,13,3,"consumpt",0.0348656561834007
30,13,4,"cluster",0.0325751389248511
30,13,5,"use",0.02908956918358
30,13,6,"monitor",0.0257035871492023
30,13,7,"pattern",0.0243093592526939
30,13,8,"collect",0.0209233772183162
30,13,9,"usag",0.0180353337184058
30,13,10,"behavior",0.0172386320632581
30,14,1,"increas",0.102664914693986
30,14,2,"can",0.0706366641345186
30,14,3,"high",0.0358367380458661
30,14,4,"larg",0.0330650625166814
30,14,5,"number",0.030806660233642
30,14,6,"chang",0.0274190568090829
30,14,7,"due",0.0272137475106248
30,14,8,"signific",0.0233128708399203
30,14,9,"reduc",0.0225942882953169
30,14,10,"lead",0.0219783603999425
30,15,1,"comput",0.0802268053830649
30,15,2,"resourc",0.0475497282000122
30,15,3,"applic",0.034316020929617
30,15,4,"consumpt",0.0331962456990451
30,15,5,"servic",0.0263757965673799
30,15,6,"requir",0.0260704033226785
30,15,7,"cloud",0.0256632123297433
30,15,8,"task",0.0233218641203657
30,15,9,"center",0.0182319767086752
30,15,10,"reduc",0.0182319767086752
30,16,1,"control",0.237577512217157
30,16,2,"strategi",0.0505215391565028
30,16,3,"voltag",0.0383043817502361
30,16,4,"frequenc",0.0297831711223358
30,16,5,"mpc",0.0240339205782103
30,16,6,"stabil",0.0230072686953308
30,16,7,"dynam",0.0226992731304669
30,16,8,"activ",0.020132643423268
30,16,9,"simul",0.0187979959755246
30,16,10,"effect",0.0184900004106608
30,17,1,"process",0.103329896681071
30,17,2,"predict",0.0505736284467063
30,17,3,"paramet",0.0391668677473841
30,17,4,"rate",0.0371926207032707
30,17,5,"simul",0.0319279619189681
30,17,6,"industri",0.0289665913527979
30,17,7,"design",0.0275407462653827
30,17,8,"tool",0.0272117050913638
30,17,9,"result",0.0242503345251936
30,17,10,"includ",0.0227148090464387
30,18,1,"build",0.111987970935988
30,18,2,"temperatur",0.0859312251340195
30,18,3,"heat",0.0781795767413191
30,18,4,"thermal",0.0611819862898556
30,18,5,"air",0.0397949081943329
30,18,6,"cool",0.032603619926406
30,18,7,"condit",0.0286810990529914
30,18,8,"comfort",0.0216765974933224
30,18,9,"elsevi",0.0194351569942283
30,18,10,"hvac",0.0178474699740367
30,19,1,"network",0.0954320488377915
30,19,2,"sensor",0.0559535501762089
30,19,3,"node",0.0389103934369403
30,19,4,"devic",0.0305332485989947
30,19,5,"scheme",0.0268742657962139
30,19,6,"mobil",0.0251410634159493
30,19,7,"communic",0.0245633292891944
30,19,8,"wireless",0.0232152829934331
30,19,9,"consumpt",0.022252392782175
30,19,10,"ieee",0.0212895025709169
30,20,1,"energi",0.480238734365184
30,20,2,"consumpt",0.152883279075523
30,20,3,"save",0.0395130123555505
30,20,4,"effici",0.0286614503017496
30,20,5,"manag",0.0220933995849753
30,20,6,"reduc",0.0163820511356064
30,20,7,"achiev",0.0156205380090239
30,20,8,"util",0.013526376910922
30,20,9,"total",0.0128600529251623
30,20,10,"environment",0.0105755135454147
30,21,1,"measur",0.067018336550272
30,21,2,"use",0.0439879803474294
30,21,3,"can",0.0368595367608352
30,21,4,"detect",0.0270990524653448
30,21,5,"sampl",0.0252346902965432
30,21,6,"target",0.0252346902965432
30,21,7,"present",0.0249056852079312
30,21,8,"high",0.0240283383049658
30,21,9,"signal",0.022931654676259
30,21,10,"time",0.0210672925074575
30,22,1,"perform",0.148012712123373
30,22,2,"studi",0.0795628170391346
30,22,3,"evalu",0.0581722248253102
30,22,4,"differ",0.043300670238556
30,22,5,"compar",0.0403467313137898
30,22,6,"result",0.0307718947990303
30,22,7,"also",0.0263919163933424
30,22,8,"use",0.0254751767270357
30,22,9,"case",0.0221137979505775
30,22,10,"two",0.0214007782101167
30,23,1,"design",0.0520980852425941
30,23,2,"architectur",0.0353172832560576
30,23,3,"perform",0.0295943507866607
30,23,4,"implement",0.026199390847188
30,23,5,"reduc",0.0253264011484664
30,23,6,"applic",0.0247444080159854
30,23,7,"cach",0.0220284400644072
30,23,8,"consumpt",0.0214464469319262
30,23,9,"memori",0.0210584515102722
30,23,10,"show",0.01795448813704
30,24,1,"vehicl",0.0613451670447288
30,24,2,"batteri",0.0517651463430749
30,24,3,"charg",0.0503336489968507
30,24,4,"electr",0.0354680996322153
30,24,5,"time",0.035137754090779
30,24,6,"state",0.0346972933688638
30,24,7,"drive",0.0279802673596582
30,24,8,"result",0.0243464664038584
30,24,9,"predict",0.0236857753209858
30,24,10,"manag",0.0224745083357192
30,25,1,"distribut",0.0770963303616865
30,25,2,"oper",0.0585313907684189
30,25,3,"grid",0.0492960401078086
30,25,4,"generat",0.0470343215786795
30,25,5,"renew",0.0430763141527037
30,25,6,"propos",0.0396837363590101
30,25,7,"system",0.0345006313964227
30,25,8,"uncertainti",0.028563620257459
30,25,9,"microgrid",0.0257364720960477
30,25,10,"schedul",0.0256422338240006
30,26,1,"method",0.236852949256309
30,26,2,"propos",0.171608257132766
30,26,3,"base",0.0682959852439072
30,26,4,"result",0.0435716808602488
30,26,5,"first",0.0401377496958518
30,26,6,"final",0.029737843883678
30,26,7,"improv",0.0294435069267297
30,26,8,"effect",0.0253227895294533
30,26,9,"novel",0.0214964090891252
30,26,10,"second",0.0202209489423492
30,27,1,"predict",0.290848055137447
30,27,2,"improv",0.052889566664026
30,27,3,"use",0.0465519290184584
30,27,4,"data",0.0463538778420344
30,27,5,"result",0.0440762893131585
30,27,6,"show",0.0414025984314347
30,27,7,"accuraci",0.0391250099025588
30,27,8,"author",0.0324902954923552
30,27,9,"combin",0.0217955319654599
30,27,10,"obtain",0.020409173730492
30,28,1,"wind",0.153876281276577
30,28,2,"generat",0.0917707354191845
30,28,3,"speed",0.0527169777539054
30,28,4,"turbin",0.0381697327783
30,28,5,"predict",0.0296651895617922
30,28,6,"can",0.0260843292601047
30,28,7,"interv",0.0232867821494114
30,28,8,"use",0.0229510764961282
30,28,9,"farm",0.0220558614207063
30,28,10,"result",0.0174678841591692
30,29,1,"technolog",0.0561343758816654
30,29,2,"develop",0.0378964975212607
30,29,3,"will",0.0325561242997058
30,29,4,"research",0.0310446979162468
30,29,5,"futur",0.028827939220507
30,29,6,"applic",0.0254020394180001
30,29,7,"new",0.0250997541413083
30,29,8,"engin",0.0238906130345411
30,29,9,"provid",0.0223791866510822
30,29,10,"advanc",0.0219761396154931
30,30,1,"solar",0.0986329215716935
30,30,2,"photovolta",0.0608818996135546
30,30,3,"generat",0.0468090334398106
30,30,4,"output",0.0431232827752586
30,30,5,"use",0.0404427368374026
30,30,6,"condit",0.0282685907029732
30,30,7,"irradi",0.0244711506243438
30,30,8,"weather",0.0197801952330958
30,30,9,"plant",0.0189983693345545
30,30,10,"imag",0.0179931646078585
40,1,1,"temperatur",0.117033441756455
40,1,2,"heat",0.105725249034357
40,1,3,"thermal",0.0682430372026835
40,1,4,"air",0.0443560683065664
40,1,5,"cool",0.0438478349257979
40,1,6,"condit",0.0383843260825371
40,1,7,"transfer",0.0254243748729416
40,1,8,"simul",0.0236455580402521
40,1,9,"experiment",0.0202149827200651
40,1,10,"pump",0.0176738158162228
40,2,1,"load",0.276028259252903
40,2,2,"smart",0.0603655397288485
40,2,3,"electr",0.0510697328528116
40,2,4,"use",0.0217521880899262
40,2,5,"grid",0.0210371260225388
40,2,6,"aggreg",0.0196070018877639
40,2,7,"individu",0.0186059149934214
40,2,8,"home",0.0180338653395115
40,2,9,"paper",0.0177478405125565
40,2,10,"meter",0.017604828099079
40,3,1,"technolog",0.0637325575408063
40,3,2,"will",0.042878842490088
40,3,3,"research",0.039789403223315
40,3,4,"futur",0.0310359919674579
40,3,5,"engin",0.0302636321507646
40,3,6,"applic",0.0288476391534936
40,3,7,"provid",0.0248571134339117
40,3,8,"advanc",0.0229262138921786
40,3,9,"continu",0.0200942278976366
40,3,10,"recent",0.0191931414448278
40,4,1,"algorithm",0.203880671430946
40,4,2,"optim",0.0838042213727771
40,4,3,"propos",0.0699545731538419
40,4,4,"improv",0.0509805550939006
40,4,5,"base",0.0372694033571547
40,4,6,"adapt",0.0223117832807047
40,4,7,"effect",0.0221732867985153
40,4,8,"qualiti",0.0221732867985153
40,4,9,"intellig",0.0187108747437815
40,4,10,"particl",0.0181568888150241
40,5,1,"demand",0.128949582040902
40,5,2,"electr",0.126846643183849
40,5,3,"cost",0.0780847484359392
40,5,4,"schedul",0.048643604437201
40,5,5,"price",0.0407575837232533
40,5,6,"market",0.0318200935807791
40,5,7,"optim",0.0222254350454761
40,5,8,"consid",0.0219625676883445
40,5,9,"plan",0.0218311340097787
40,5,10,"respons",0.0215682666526471
40,6,1,"use",0.0859209597741708
40,6,2,"variabl",0.0532137234677813
40,6,3,"regress",0.0457494164269041
40,6,4,"support",0.0373351066717334
40,6,5,"predict",0.0358422452635579
40,6,6,"select",0.0350279572227349
40,6,7,"test",0.0350279572227349
40,6,8,"result",0.0321779490798545
40,6,9,"set",0.0316350903859725
40,6,10,"model",0.0279707942022692
40,7,1,"perform",0.20393234560034
40,7,2,"evalu",0.0735622112474112
40,7,3,"studi",0.0677207795656099
40,7,4,"differ",0.0645345441028092
40,7,5,"compar",0.0398412192661038
40,7,6,"two",0.0305480324996017
40,7,7,"three",0.0248393606287505
40,7,8,"employ",0.0208565663002496
40,7,9,"also",0.0200600074345494
40,7,10,"improv",0.0191306887578992
40,8,1,"problem",0.104502323510588
40,8,2,"optim",0.0565016556752094
40,8,3,"dynam",0.0393883740991179
40,8,4,"cost",0.0378579180232073
40,8,5,"solv",0.0375796532821326
40,8,6,"solut",0.0357709324651474
40,8,7,"function",0.0325708879427888
40,8,8,"object",0.0306230347552662
40,8,9,"minim",0.0289534463088182
40,8,10,"constraint",0.0275621226034449
40,9,1,"increas",0.0947478601902642
40,9,2,"rate",0.0549990725282879
40,9,3,"result",0.0473143069136391
40,9,4,"reduct",0.042014468558709
40,9,5,"reduc",0.0373771099981451
40,9,6,"compar",0.0351246786972997
40,9,7,"level",0.0335347271908207
40,9,8,"loss",0.0330047433553277
40,9,9,"effect",0.0282348888358905
40,9,10,"signific",0.0273074171237777
40,10,1,"architectur",0.0436502033125062
40,10,2,"reduc",0.0349722304869583
40,10,3,"design",0.0333606069622136
40,10,4,"applic",0.0287736784687097
40,10,5,"cach",0.0281538232668849
40,10,6,"implement",0.0271620549439651
40,10,7,"perform",0.0255504314192205
40,10,8,"propos",0.0239388078944758
40,10,9,"memori",0.0235668947733809
40,10,10,"consumpt",0.0218313002082713
40,11,1,"distribut",0.0895298666367814
40,11,2,"propos",0.0680964922111397
40,11,3,"uncertainti",0.0563291493892189
40,11,4,"ieee",0.0340552504762972
40,11,5,"stage",0.0309733273562703
40,11,6,"reliabl",0.0302728902835369
40,11,7,"interv",0.0291521909671635
40,11,8,"oper",0.0283116664798835
40,11,9,"base",0.0255099181889499
40,11,10,"effect",0.0236887817998431
40,12,1,"framework",0.0470522289633342
40,12,2,"enhanc",0.0304559043348281
40,12,3,"integr",0.028037896773059
40,12,4,"demonstr",0.0259496175151675
40,12,5,"challeng",0.0248505231689088
40,12,6,"tempor",0.0230919722148949
40,12,7,"achiev",0.0214433306955069
40,12,8,"captur",0.0207838740877517
40,12,9,"mechan",0.0207838740877517
40,12,10,"signific",0.0202343269146224
40,13,1,"time",0.0614109007734674
40,13,2,"can",0.0469648177686821
40,13,3,"state",0.0457609775182833
40,13,4,"predict",0.0391398561410901
40,13,5,"result",0.0337225750142956
40,13,6,"target",0.0335720949829958
40,13,7,"base",0.0311644144821982
40,13,8,"achiev",0.0301110542630993
40,13,9,"inform",0.0295091341378999
40,13,10,"track",0.0281548138562013
40,14,1,"approach",0.141321509394242
40,14,2,"techniqu",0.0794826588074312
40,14,3,"present",0.0479053734013999
40,14,4,"use",0.046984369243724
40,14,5,"sever",0.0363270354191885
40,14,6,"new",0.0347481711488869
40,14,7,"order",0.0265907057523288
40,14,8,"paper",0.0235645492342508
40,14,9,"allow",0.0221172569864744
40,14,10,"also",0.0204068206936477
40,15,1,"predict",0.0937933294678196
40,15,2,"featur",0.0631633347618928
40,15,3,"propos",0.0548440769405299
40,15,4,"accuraci",0.043625683817783
40,15,5,"result",0.043625683817783
40,15,6,"compon",0.0324072906950362
40,15,7,"extract",0.0316509945294577
40,15,8,"improv",0.0312728464466685
40,15,9,"cluster",0.0277434643406358
40,15,10,"mode",0.0229535886253057
40,16,1,"factor",0.0614428957082254
40,16,2,"differ",0.0535920885901603
40,16,3,"base",0.0461544818467302
40,16,4,"first",0.034998071731585
40,16,5,"type",0.034998071731585
40,16,6,"final",0.0338962040658917
40,16,7,"analysi",0.0336207371494683
40,16,8,"paramet",0.0330698033166217
40,16,9,"establish",0.0289377995702716
40,16,10,"analyz",0.0281113988210016
40,17,1,"use",0.164925333046841
40,17,2,"measur",0.0883782767511818
40,17,3,"estim",0.0713230554361839
40,17,4,"can",0.0286178556080791
40,17,5,"size",0.0245890631714654
40,17,6,"also",0.0186801675977654
40,17,7,"valu",0.0181429952728835
40,17,8,"variat",0.0180087021916631
40,17,9,"relat",0.0177401160292222
40,17,10,"singl",0.0161285990545767
40,18,1,"data",0.322148294178851
40,18,2,"predict",0.0732572148294179
40,18,3,"collect",0.0320491758392202
40,18,4,"train",0.0267099282624172
40,18,5,"use",0.0249301790701495
40,18,6,"similar",0.0201385466294288
40,18,7,"sampl",0.0200016428454082
40,18,8,"show",0.0194540277093259
40,18,9,"real",0.017400470949017
40,18,10,"knowledg",0.0146623952686052
40,19,1,"model",0.575018774115027
40,19,2,"predict",0.129878032990652
40,19,3,"develop",0.0424812906233006
40,19,4,"base",0.0275914752570112
40,19,5,"valid",0.0272030452909341
40,19,6,"physic",0.0222829323872906
40,19,7,"accur",0.0163270062407748
40,19,8,"mathemat",0.0102416034389
40,19,9,"establish",0.00674573374420592
40,19,10,"simplifi",0.00596887381205169
40,20,1,"process",0.0958676010656782
40,20,2,"detect",0.053587976369744
40,20,3,"monitor",0.0422941040194602
40,20,4,"fault",0.0256428819645546
40,20,5,"equip",0.0253532954940345
40,20,6,"industri",0.0217334646125333
40,20,7,"identifi",0.0202855322599328
40,20,8,"work",0.0197063593188926
40,20,9,"addit",0.0189823931425924
40,20,10,"realtim",0.0189823931425924
40,21,1,"control",0.294175102113301
40,21,2,"strategi",0.0952761498845676
40,21,3,"dynam",0.0323591343836416
40,21,4,"simul",0.0308369485247482
40,21,5,"propos",0.030202704416876
40,21,6,"mpc",0.0294416114874293
40,21,7,"system",0.0251287515538981
40,21,8,"regul",0.0189131592967501
40,21,9,"achiev",0.018025217545729
40,21,10,"reduc",0.0167567293299845
40,22,1,"cell",0.0539057054664941
40,22,2,"current",0.0377252812904511
40,22,3,"devic",0.0326222244349298
40,22,4,"materi",0.031377576421388
40,22,5,"effici",0.0268968435726377
40,22,6,"surfac",0.0249054067509708
40,22,7,"densiti",0.0190555610873245
40,22,8,"experiment",0.0160684058548243
40,22,9,"conduct",0.0150726874439908
40,22,10,"direct",0.0148237578412825
40,23,1,"design",0.0686466759266825
40,23,2,"simul",0.0656507884631097
40,23,3,"paramet",0.0517607647683634
40,23,4,"present",0.0390963313996242
40,23,5,"right",0.0343301467984857
40,23,6,"tool",0.0335130865811477
40,23,7,"reserv",0.031742789443582
40,23,8,"analysi",0.0287469019800093
40,23,9,"use",0.0269766048424436
40,23,10,"elsevi",0.0254786611106572
40,24,1,"product",0.0704471182412359
40,24,2,"process",0.0630199049316696
40,24,3,"plant",0.0388814616755793
40,24,4,"gas",0.0387576747870866
40,24,5,"effici",0.0356630025747673
40,24,6,"fuel",0.0343013468013468
40,24,7,"water",0.0292260843731432
40,24,8,"hydrogen",0.0287309368191721
40,24,9,"concentr",0.0221702317290553
40,24,10,"membran",0.0213037235096059
40,25,1,"high",0.088910320921391
40,25,2,"can",0.0884909985463491
40,25,3,"modul",0.0496337917924634
40,25,4,"larg",0.0451610197920161
40,25,5,"howev",0.0380325394163033
40,25,6,"scale",0.0374734429162474
40,25,7,"low",0.0264312870401431
40,25,8,"small",0.0243346751649335
40,25,9,"also",0.0240551269149055
40,25,10,"due",0.0240551269149055
40,26,1,"system",0.416416760668006
40,26,2,"oper",0.134000055025174
40,26,3,"integr",0.0394943186507827
40,26,4,"paper",0.0363303711447988
40,26,5,"develop",0.0276639062371035
40,26,6,"can",0.0260131510165901
40,26,7,"hybrid",0.0181720637191515
40,26,8,"combin",0.015971056758467
40,26,9,"condit",0.0151456791482103
40,26,10,"convent",0.0139076127328253
40,27,1,"voltag",0.0524146218769214
40,27,2,"frequenc",0.0471046895086915
40,27,3,"design",0.0362053546475882
40,27,4,"stabil",0.0304762170923928
40,27,5,"circuit",0.0253060197864848
40,27,6,"ieee",0.0229305237270136
40,27,7,"convert",0.0218126432284389
40,27,8,"activ",0.0209742328545078
40,27,9,"digit",0.0188782069196803
40,27,10,"current",0.0187384718573585
40,28,1,"model",0.121996718882303
40,28,2,"error",0.11710150296359
40,28,3,"predict",0.0767490474174429
40,28,4,"mean",0.0586235182049111
40,28,5,"compar",0.0300460414902625
40,28,6,"averag",0.0287230101608806
40,28,7,"improv",0.0246216130397968
40,28,8,"squar",0.0244893099068586
40,28,9,"absolut",0.021975550381033
40,28,10,"accuraci",0.0202556096528366
40,29,1,"vehicl",0.0776389739023983
40,29,2,"charg",0.06275388125313
40,29,3,"batteri",0.0601107339602693
40,29,4,"electr",0.041747815925658
40,29,5,"drive",0.0350703911857994
40,29,6,"predict",0.0281147404151132
40,29,7,"consumpt",0.0274191753380446
40,29,8,"energi",0.0263062712147349
40,29,9,"time",0.0240804629681153
40,29,10,"station",0.0204635245673585
40,30,1,"build",0.155410321708851
40,30,2,"energi",0.104477418013617
40,30,3,"consumpt",0.0458785925887428
40,30,4,"use",0.0348344680629905
40,30,5,"comfort",0.0304168182526896
40,30,6,"hvac",0.0249597214282002
40,30,7,"environ",0.0231406891533704
40,30,8,"studi",0.0228808273998233
40,30,9,"occup",0.0224910347695026
40,30,10,"indoor",0.0219713112624084
40,31,1,"studi",0.0520411814903515
40,31,2,"emiss",0.0509400721226636
40,31,3,"develop",0.043232306548848
40,31,4,"impact",0.0357998183169543
40,31,5,"carbon",0.0305695488204366
40,31,6,"region",0.0260274726787238
40,31,7,"reduc",0.0257521953368018
40,31,8,"scenario",0.0250640019819969
40,31,9,"environment",0.0241005312852699
40,31,10,"sustain",0.022586505904699
40,32,1,"comput",0.068478233659599
40,32,2,"resourc",0.0558364833404261
40,32,3,"user",0.042694069642276
40,32,4,"consumpt",0.041817908729066
40,32,5,"servic",0.0341827921996646
40,32,6,"applic",0.033056299596966
40,32,7,"task",0.0282999974966831
40,32,8,"cloud",0.0270483390492402
40,32,9,"requir",0.0230430320174231
40,32,10,"center",0.0221668711042131
40,33,1,"energi",0.0986323056161113
40,33,2,"generat",0.0759239074016402
40,33,3,"renew",0.0600929097892661
40,33,4,"storag",0.0593143361361985
40,33,5,"grid",0.0545131319422817
40,33,6,"oper",0.0543833696667705
40,33,7,"sourc",0.0462083463095609
40,33,8,"system",0.0380333229523513
40,33,9,"microgrid",0.034919028340081
40,33,10,"flexibl",0.0288202013910516
40,34,1,"method",0.29772511361594
40,34,2,"propos",0.138919557347164
40,34,3,"predict",0.0672837445759622
40,34,4,"base",0.0446889362466942
40,34,5,"result",0.0331347728965004
40,34,6,"can",0.0273576912214034
40,34,7,"novel",0.0260738952936041
40,34,8,"improv",0.0231211646596657
40,34,9,"show",0.0160602870567694
40,34,10,"tradit",0.0159319074639895
40,35,1,"energi",0.497826999530829
40,35,2,"consumpt",0.20039756031311
40,35,3,"effici",0.0517445736721239
40,35,4,"save",0.0329777514383782
40,35,5,"manag",0.0249524656147369
40,35,6,"consum",0.0191495666345655
40,35,7,"harvest",0.015569054497864
40,35,8,"total",0.00964268958194434
40,35,9,"conserv",0.00655604118823617
40,35,10,"term",0.00606217744524286
40,36,1,"network",0.0992319984735373
40,36,2,"sensor",0.069895294201827
40,36,3,"node",0.047952393445751
40,36,4,"devic",0.0353113745319245
40,36,5,"communic",0.0308989434016266
40,36,6,"mobil",0.0305411787153863
40,36,7,"scheme",0.0305411787153863
40,36,8,"wireless",0.0288716101795979
40,36,9,"sens",0.0219548262456174
40,36,10,"consumpt",0.0207622772914828
40,37,1,"network",0.123803074583601
40,37,2,"neural",0.0746192410958253
40,37,3,"deep",0.0478888968089909
40,37,4,"propos",0.0426616294817877
40,37,5,"predict",0.0404044004086773
40,37,6,"author",0.0309002779955806
40,37,7,"accuraci",0.0286430489224701
40,37,8,"long",0.0285242473923064
40,37,9,"train",0.028286644331979
40,37,10,"shortterm",0.0269798275001782
40,38,1,"wind",0.205598946643924
40,38,2,"generat",0.114028787742766
40,38,3,"speed",0.063904599455367
40,38,4,"turbin",0.0510368973875572
40,38,5,"use",0.0389173175329922
40,38,6,"farm",0.0288924798755125
40,38,7,"effect",0.0260496154651824
40,38,8,"paper",0.0253014932519376
40,38,9,"predict",0.0223090043989586
40,38,10,"ltd",0.0163240266930006
40,39,1,"solar",0.130170569356948
40,39,2,"photovolta",0.0805449898965886
40,39,3,"generat",0.0535035064780697
40,39,4,"output",0.0474117437299418
40,39,5,"use",0.0428057767740402
40,39,6,"irradi",0.0321080470700107
40,39,7,"condit",0.0248276476881018
40,39,8,"imag",0.0245304885296565
40,39,9,"plant",0.021113158207536
40,39,10,"cloud",0.0196273624153096
40,40,1,"forecast",0.291513131645035
40,40,2,"model",0.0656112845307109
40,40,3,"seri",0.0370948435703054
40,40,4,"data",0.0350998662191659
40,40,5,"time",0.0349825146102753
40,40,6,"shortterm",0.0318140211702303
40,40,7,"accuraci",0.024186166592344
40,40,8,"weather",0.0234820569390006
40,40,9,"accur",0.0226605956767667
40,40,10,"season",0.0207829699345178
50,1,1,"temperatur",0.144872361936055
50,1,2,"heat",0.131761026159484
50,1,3,"thermal",0.102694932389738
50,1,4,"air",0.063992796663718
50,1,5,"condit",0.0560944016175913
50,1,6,"cool",0.0532509794009857
50,1,7,"pump",0.0216573992164792
50,1,8,"simul",0.0184980411980286
50,1,9,"water",0.0184980411980286
50,1,10,"ltd",0.0173922658915708
50,2,1,"comput",0.0763251219048826
50,2,2,"resourc",0.0742669875245393
50,2,3,"consumpt",0.0380121588246469
50,2,4,"cloud",0.0359540244443037
50,2,5,"applic",0.0332626179469318
50,2,6,"servic",0.0332626179469318
50,2,7,"task",0.0323127097713888
50,2,8,"center",0.0280381229814451
50,2,9,"workload",0.0280381229814451
50,2,10,"util",0.0266132607181306
50,3,1,"forecast",0.328522458307261
50,3,2,"load",0.2375193840629
50,3,3,"seri",0.0385096716271731
50,3,4,"time",0.0366052724651087
50,3,5,"shortterm",0.0342927877683162
50,3,6,"data",0.0250428489811464
50,3,7,"accuraci",0.0221862502380499
50,3,8,"season",0.0206899366107136
50,3,9,"nonlinear",0.0140245395434883
50,3,10,"accur",0.0110319122888157
50,4,1,"system",0.479585040130549
50,4,2,"oper",0.144553235421454
50,4,3,"develop",0.035318213607753
50,4,4,"hybrid",0.0303227095613947
50,4,5,"paper",0.0259932727212176
50,4,6,"unit",0.0228294534918573
50,4,7,"can",0.017833949445499
50,4,8,"integr",0.0166683318346821
50,4,9,"manag",0.0118393445898691
50,4,10,"various",0.0118393445898691
50,5,1,"framework",0.0790756375663678
50,5,2,"integr",0.0465807874198509
50,5,3,"enhanc",0.043389328923318
50,5,4,"effici",0.0380218759973308
50,5,5,"challeng",0.0364261467490643
50,5,6,"signific",0.0362810804537674
50,5,7,"novel",0.0336698871384223
50,5,8,"address",0.0327994893666405
50,5,9,"demonstr",0.0312037601183741
50,5,10,"robust",0.0288826993936229
50,6,1,"control",0.362649209424411
50,6,2,"strategi",0.103915380288732
50,6,3,"system",0.0420442472345479
50,6,4,"mpc",0.0364195987750766
50,6,5,"simul",0.0312636710205612
50,6,6,"regul",0.0264202237360165
50,6,7,"reduc",0.0200143741016186
50,6,8,"achiev",0.0193894131616774
50,6,9,"optim",0.0157958877570152
50,6,10,"maintain",0.0148584463471033
50,7,1,"electr",0.250643290904724
50,7,2,"demand",0.107060760970254
50,7,3,"day",0.0386146087075857
50,7,4,"peak",0.0336398257110509
50,7,5,"daili",0.0245479809242804
50,7,6,"base",0.0243764366830205
50,7,7,"price",0.0228325385116822
50,7,8,"hour",0.021117096099084
50,7,9,"well",0.0202593748927848
50,7,10,"two",0.0197447421690054
50,8,1,"simul",0.0958731333243643
50,8,2,"design",0.0926779227768062
50,8,3,"perform",0.0654345486344679
50,8,4,"engin",0.0428999058253733
50,8,5,"condit",0.0319689223732006
50,8,6,"result",0.0282692048970806
50,8,7,"configur",0.0272601910399569
50,8,8,"behavior",0.0269238530875824
50,8,9,"effici",0.0247376563971478
50,8,10,"experiment",0.0238968115162115
50,9,1,"predict",0.403636424461394
50,9,2,"accuraci",0.0588953566171551
50,9,3,"accur",0.0309614612605379
50,9,4,"show",0.0297905794192426
50,9,5,"improv",0.0296233105847718
50,9,6,"base",0.0277833534055935
50,9,7,"random",0.0244379767161782
50,9,8,"model",0.0242707078817075
50,9,9,"gradient",0.0197544493509969
50,9,10,"ensembl",0.0187508363441724
50,10,1,"approach",0.171385511565686
50,10,2,"techniqu",0.11076303044671
50,10,3,"new",0.0462458089206489
50,10,4,"applic",0.0453991262234565
50,10,5,"predict",0.037101635790971
50,10,6,"propos",0.0306668472923087
50,10,7,"novel",0.0293121549768009
50,10,8,"appli",0.0281267992007315
50,10,9,"paper",0.0279574626612931
50,10,10,"sever",0.0279574626612931
50,11,1,"predict",0.0872939056137775
50,11,2,"propos",0.0625959548761765
50,11,3,"model",0.0564214671917763
50,11,4,"mode",0.0470762966424137
50,11,5,"compon",0.0464087844603164
50,11,6,"result",0.0405680528669648
50,11,7,"improv",0.0355617115012349
50,11,8,"characterist",0.027551565316067
50,11,9,"decomposit",0.027050931179494
50,11,10,"first",0.0253821507242507
50,12,1,"architectur",0.052853895305972
50,12,2,"cach",0.0345754485131482
50,12,3,"memori",0.029045834357336
50,12,4,"implement",0.0264346276726468
50,12,5,"applic",0.0253594249201278
50,12,6,"consumpt",0.0252058245269108
50,12,7,"reduc",0.0227482182354387
50,12,8,"compress",0.0225946178422217
50,12,9,"design",0.0219802162693537
50,12,10,"propos",0.0212122143032686
50,13,1,"elsevi",0.0738466525011705
50,13,2,"reserv",0.0731263730327367
50,13,3,"level",0.0634026002088811
50,13,4,"use",0.0516980588468326
50,13,5,"right",0.0513379191126157
50,13,6,"paper",0.0509777793783988
50,13,7,"two",0.0475564519033385
50,13,8,"present",0.043234775092736
50,13,9,"ltd",0.0401735873518925
50,13,10,"result",0.0354917708070731
50,14,1,"algorithm",0.237547457572119
50,14,2,"propos",0.0835740013628841
50,14,3,"optim",0.0801667910568842
50,14,4,"improv",0.043336470130123
50,14,5,"base",0.0389557711652659
50,14,6,"result",0.0282473959178376
50,14,7,"weight",0.0228932082941234
50,14,8,"first",0.0220819677450758
50,14,9,"select",0.0204594866469806
50,14,10,"effect",0.0177012687802187
50,15,1,"network",0.122200224573016
50,15,2,"node",0.05926068199279
50,15,3,"mobil",0.0378375982506944
50,15,4,"communic",0.0344394539329827
50,15,5,"wireless",0.031041309615271
50,15,6,"scheme",0.0292683647538562
50,15,7,"traffic",0.024983748005437
50,15,8,"transmiss",0.0246882571952012
50,15,9,"ieee",0.0229153123337864
50,15,10,"base",0.0201081496365463
50,16,1,"network",0.151933384928483
50,16,2,"neural",0.0872961274973486
50,16,3,"deep",0.0586321552440737
50,16,4,"propos",0.0408604924470433
50,16,5,"predict",0.0359876171639866
50,16,6,"long",0.0352710178576547
50,16,7,"shortterm",0.0348410582738556
50,16,8,"lstm",0.0346977384125892
50,16,9,"train",0.0296815432682661
50,16,10,"dataset",0.0279617049330696
50,17,1,"emiss",0.0559858271666876
50,17,2,"plant",0.0544180358710648
50,17,3,"fuel",0.0536341402232535
50,17,4,"gas",0.0503417785024458
50,17,5,"carbon",0.0407782515991471
50,17,6,"hydrogen",0.0363884359714035
50,17,7,"cycl",0.0319986203436598
50,17,8,"product",0.0307443873071617
50,17,9,"oper",0.0305876081775994
50,17,10,"effici",0.0283927003637276
50,18,1,"factor",0.0749562712213191
50,18,2,"studi",0.0610659532873752
50,18,3,"differ",0.0586651575950887
50,18,4,"impact",0.0401447336831636
50,18,5,"analysi",0.0355146277051823
50,18,6,"type",0.0348286860788147
50,18,7,"scenario",0.03259937579312
50,18,8,"characterist",0.0315704633535686
50,18,9,"influenc",0.0303700655074253
50,18,10,"region",0.0303700655074253
50,19,1,"rate",0.0801129655040368
50,19,2,"investig",0.0296933337588155
50,19,3,"surfac",0.0295337779621534
50,19,4,"experiment",0.0293742221654913
50,19,5,"ratio",0.0290551105721671
50,19,6,"concentr",0.0274595526055462
50,19,7,"effect",0.027140441012222
50,19,8,"membran",0.027140441012222
50,19,9,"pressur",0.025385327248939
50,19,10,"increas",0.0242684366723043
50,20,1,"use",0.181495698666758
50,20,2,"estim",0.102152380299551
50,20,3,"present",0.04508688350413
50,20,4,"methodolog",0.0377180655996161
50,20,5,"paper",0.0308633512698358
50,20,6,"case",0.0279500976796792
50,20,7,"avail",0.0253795798060116
50,20,8,"also",0.024522740514789
50,20,9,"general",0.0180107619014978
50,20,10,"period",0.0174966583267642
50,21,1,"measur",0.115596105351639
50,21,2,"predict",0.0688393107312973
50,21,3,"field",0.0376681143177361
50,21,4,"calcul",0.0250595404875315
50,21,5,"test",0.0245341832446063
50,21,6,"valid",0.0203313253012048
50,21,7,"structur",0.0201562062202298
50,21,8,"observ",0.0198059680582796
50,21,9,"relat",0.0191054917343794
50,21,10,"forc",0.0189303726534043
50,22,1,"vehicl",0.0961947241871973
50,22,2,"charg",0.0792940028574416
50,22,3,"batteri",0.0758093180471826
50,22,4,"electr",0.045841028678956
50,22,5,"drive",0.0434017493117748
50,22,6,"manag",0.0305084155138168
50,22,7,"consid",0.0270237307035579
50,22,8,"consumpt",0.0245844513363766
50,22,9,"speed",0.0230163431717601
50,22,10,"energi",0.0210997665261177
50,23,1,"devic",0.0787706259375426
50,23,2,"sensor",0.0767250784126551
50,23,3,"monitor",0.0433144688394927
50,23,4,"applic",0.0337685803900177
50,23,5,"target",0.0310411836901677
50,23,6,"track",0.028654711577799
50,23,7,"consumpt",0.0281433246965771
50,23,8,"design",0.0278024001090959
50,23,9,"iot",0.0264387017591709
50,23,10,"sens",0.0257568525842084
50,24,1,"distribut",0.140069339557875
50,24,2,"propos",0.0836022243580942
50,24,3,"oper",0.068841823424413
50,24,4,"microgrid",0.0427536729369765
50,24,5,"ieee",0.0401791844020321
50,24,6,"stage",0.0350302073321433
50,24,7,"load",0.0309110256762323
50,24,8,"paper",0.0250755183303584
50,24,9,"effect",0.0242173554853769
50,24,10,"generat",0.0233591926403954
50,25,1,"dynam",0.129238699722972
50,25,2,"adapt",0.0748851562226041
50,25,3,"state",0.0512150646982502
50,25,4,"time",0.0508643966756672
50,25,5,"chang",0.048409720517586
50,25,6,"can",0.039117017919136
50,25,7,"predict",0.0338569975803906
50,25,8,"onlin",0.0278956411964793
50,25,9,"show",0.0250902970158151
50,25,10,"realtim",0.022986288880317
50,26,1,"problem",0.130901725839943
50,26,2,"optim",0.0599278347006161
50,26,3,"solv",0.0449501310549069
50,26,4,"constraint",0.0410355039656874
50,26,5,"propos",0.0376314804098444
50,26,6,"can",0.0369506756986758
50,26,7,"minim",0.0306532321203663
50,26,8,"comput",0.0298022262314055
50,26,9,"base",0.0289512203424448
50,26,10,"solut",0.0263982026755625
50,27,1,"data",0.37257313393677
50,27,2,"predict",0.0401908697363243
50,27,3,"train",0.0387150728059819
50,27,4,"collect",0.0357634789452971
50,27,5,"sampl",0.0315000655909747
50,27,6,"real",0.0198576675849403
50,27,7,"datadriven",0.0152662993572084
50,27,8,"histor",0.0151023219205037
50,27,9,"domain",0.014938344483799
50,27,10,"multipl",0.0147743670470943
50,28,1,"model",0.669219107728482
50,28,2,"develop",0.0524565311552503
50,28,3,"valid",0.0246117195718087
50,28,4,"physic",0.0198162242435493
50,28,5,"integr",0.0150207289152899
50,28,6,"compar",0.0148660355176041
50,28,7,"base",0.013473794938432
50,28,8,"addit",0.0122362477569457
50,28,9,"mathemat",0.0117721675638884
50,28,10,"accur",0.00960645999628736
50,29,1,"paramet",0.116588839990594
50,29,2,"use",0.0927369234387073
50,29,3,"function",0.0539355662310613
50,29,4,"determin",0.0485604864447207
50,29,5,"obtain",0.045369032821581
50,29,6,"predict",0.0425135216850875
50,29,7,"differ",0.0383142406020089
50,29,8,"valu",0.0289078509759129
50,29,9,"set",0.0282359660026203
50,29,10,"optim",0.0257163973527732
50,30,1,"process",0.202363077363077
50,30,2,"product",0.0684791934791935
50,30,3,"industri",0.054000429000429
50,30,4,"water",0.0400579150579151
50,30,5,"can",0.0323716573716574
50,30,6,"manufactur",0.0205741455741456
50,30,7,"indic",0.018965393965394
50,30,8,"unit",0.0187866437866438
50,30,9,"specif",0.0182503932503932
50,30,10,"use",0.0171778921778922
50,31,1,"technolog",0.0600055517858245
50,31,2,"will",0.0510610079575597
50,31,3,"futur",0.0424248966750972
50,31,4,"research",0.0414995990376905
50,31,5,"develop",0.0388779223983715
50,31,6,"advanc",0.0260779717475788
50,31,7,"one",0.0254611066559743
50,31,8,"increas",0.0231478625624576
50,31,9,"new",0.0228394300166554
50,31,10,"recent",0.0225309974708531
50,32,1,"method",0.386273938923395
50,32,2,"propos",0.160956909937888
50,32,3,"base",0.0561432453416149
50,32,4,"result",0.0503202639751553
50,32,5,"paper",0.0258960921325052
50,32,6,"compar",0.0203966097308489
50,32,7,"combin",0.0182938664596273
50,32,8,"exist",0.017485119047619
50,32,9,"tradit",0.0155441252587992
50,32,10,"first",0.0148971273291925
50,33,1,"modul",0.0663547186830534
50,33,2,"effect",0.05357612658323
50,33,3,"improv",0.0370391250422821
50,33,4,"fault",0.0329048746570451
50,33,5,"reliabl",0.0314015108805953
50,33,6,"also",0.0289585447438644
50,33,7,"capabl",0.0285827037997519
50,33,8,"standard",0.0263276581350772
50,33,9,"demonstr",0.026139737663021
50,33,10,"various",0.0255759762468523
50,34,1,"use",0.0845323075785035
50,34,2,"can",0.0664089950808152
50,34,3,"author",0.0540185671487221
50,34,4,"inform",0.044217183859156
50,34,5,"time",0.0390390945741022
50,34,6,"import",0.0377445722528387
50,34,7,"result",0.0362651181713948
50,34,8,"make",0.030347301845619
50,34,9,"experi",0.0286829160039945
50,34,10,"role",0.0273883936827311
50,35,1,"detect",0.0681012371756186
50,35,2,"data",0.0615004526252263
50,35,3,"cluster",0.0613118587809294
50,35,4,"use",0.0554654496077248
50,35,5,"analysi",0.045281382015691
50,35,6,"time",0.0358516898008449
50,35,7,"can",0.0290623114061557
50,35,8,"pattern",0.028307936028968
50,35,9,"identifi",0.0249132468316234
50,35,10,"similar",0.023404496077248
50,36,1,"cell",0.0705287612067273
50,36,2,"effici",0.0515509456187422
50,36,3,"current",0.0382991950788561
50,36,4,"materi",0.0374811857862705
50,36,5,"limit",0.0247202408219357
50,36,6,"densiti",0.0239022315293502
50,36,7,"low",0.0188305739153197
50,36,8,"conduct",0.0186669720568026
50,36,9,"convers",0.0185033701982855
50,36,10,"solut",0.0181761664812512
50,37,1,"energi",0.539864327883742
50,37,2,"consumpt",0.181099568574024
50,37,3,"save",0.0442921207992734
50,37,4,"effici",0.0435825386012716
50,37,5,"manag",0.0376220481380563
50,37,6,"consum",0.0174699137148047
50,37,7,"total",0.00767767938237966
50,37,8,"conserv",0.00725193006357856
50,37,9,"polici",0.00611659854677566
50,37,10,"signific",0.00526509990917348
50,38,1,"build",0.186896400351185
50,38,2,"energi",0.0931424808729462
50,38,3,"consumpt",0.0382697855261508
50,38,4,"comfort",0.0362316568418412
50,38,5,"hvac",0.0301172707889126
50,38,6,"indoor",0.0269816881976671
50,38,7,"occup",0.0266681299385426
50,38,8,"studi",0.024630001254233
50,38,9,"ventil",0.0230622099586103
50,38,10,"environ",0.0200834064969271
50,39,1,"voltag",0.0635236830455954
50,39,2,"frequenc",0.0575646133415058
50,39,3,"stabil",0.0381550720196139
50,39,4,"activ",0.0362822215411857
50,39,5,"design",0.034239111928355
50,39,6,"circuit",0.0313447066435114
50,39,7,"ieee",0.0286205604930705
50,39,8,"current",0.0250451186706167
50,39,9,"digit",0.0224912316545783
50,39,10,"convert",0.0223209725201757
50,40,1,"can",0.0890367665133265
50,40,2,"larg",0.060943919654458
50,40,3,"number",0.0540962882326088
50,40,4,"requir",0.0451416932963444
50,40,5,"howev",0.0428591494890613
50,40,6,"may",0.0349580363100046
50,40,7,"scale",0.0349580363100046
50,40,8,"time",0.0340801348456649
50,40,9,"provid",0.0317975910383818
50,40,10,"lead",0.0228429961021175
50,41,1,"cost",0.121855112605929
50,41,2,"schedul",0.0725591057473539
50,41,3,"demand",0.0470043195832097
50,41,4,"uncertainti",0.0387608401754212
50,41,5,"market",0.0385959705872655
50,41,6,"oper",0.0382662314109539
50,41,7,"flexibl",0.0320011870610347
50,41,8,"consid",0.0298578824150097
50,41,9,"price",0.0287037952979193
50,41,10,"optim",0.0262307514755828
50,42,1,"high",0.0518071852817616
50,42,2,"low",0.0469180066637694
50,42,3,"use",0.0380450528755613
50,42,4,"work",0.0362342459800087
50,42,5,"part",0.0356910039113429
50,42,6,"achiev",0.0347856004635666
50,42,7,"signal",0.0342423583949008
50,42,8,"present",0.030982905982906
50,42,9,"natur",0.0288099377082428
50,42,10,"local",0.0284477763291323
50,43,1,"perform",0.222743693955229
50,43,2,"evalu",0.0704954519063287
50,43,3,"compar",0.0551738597509838
50,43,4,"differ",0.0450132249532288
50,43,5,"studi",0.040336107347913
50,43,6,"use",0.0384007483388168
50,43,7,"result",0.03678794916457
50,43,8,"three",0.0337236307335011
50,43,9,"two",0.0251757951099929
50,43,10,"select",0.0221114766789239
50,44,1,"model",0.138916418896597
50,44,2,"error",0.123299396342013
50,44,3,"mean",0.0663873622248251
50,44,4,"regress",0.0359041355077034
50,44,5,"support",0.0315493888338289
50,44,6,"squar",0.0282457879088206
50,44,7,"vector",0.0274949695167733
50,44,8,"compar",0.0270444784815449
50,44,9,"absolut",0.0256930053758597
50,44,10,"ann",0.024491695948584
50,45,1,"increas",0.117822903031804
50,45,2,"reduc",0.108271128878197
50,45,3,"reduct",0.0642268369476775
50,45,4,"signific",0.06192733576255
50,45,5,"result",0.0550288322071674
50,45,6,"compar",0.0348639756606644
50,45,7,"show",0.0325644744755368
50,45,8,"loss",0.0302649732904093
50,45,9,"util",0.0284961262249266
50,45,10,"due",0.0283192415183783
50,46,1,"wind",0.228786769599361
50,46,2,"generat",0.100176360974311
50,46,3,"speed",0.0605783308931186
50,46,4,"turbin",0.0554206042859044
50,46,5,"farm",0.032793158525223
50,46,6,"interv",0.032793158525223
50,46,7,"uncertainti",0.0286337015839212
50,46,8,"probabilist",0.023309596699055
50,46,9,"probabl",0.0176527352588846
50,46,10,"effect",0.0166544655929722
50,47,1,"featur",0.10243162026248
50,47,2,"extract",0.0460106709186803
50,47,3,"inform",0.0388047344535754
50,47,4,"tempor",0.0314454801913406
50,47,5,"complex",0.0292990310315221
50,47,6,"captur",0.0277658530602232
50,47,7,"correl",0.0276125352630933
50,47,8,"attent",0.0269992640745738
50,47,9,"mechan",0.0246994971176254
50,47,10,"depend",0.0231663191463265
50,48,1,"energi",0.190952122045607
50,48,2,"generat",0.113554226500784
50,48,3,"renew",0.0740557136917517
50,48,4,"storag",0.0727764096331596
50,48,5,"grid",0.0622221511497745
50,48,6,"sourc",0.0577445869447021
50,48,7,"system",0.0494291105638533
50,48,8,"capac",0.0319985927655356
50,48,9,"integr",0.0278408545751111
50,48,10,"suppli",0.0230434643553907
50,49,1,"consumpt",0.0804068824483464
50,49,2,"smart",0.0740603624568084
50,49,3,"manag",0.0312213525139271
50,49,4,"individu",0.0303398914039913
50,49,5,"residenti",0.0301635991820041
50,49,6,"user",0.0291058458500811
50,49,7,"aggreg",0.0248748325223891
50,49,8,"use",0.0239933714124533
50,49,9,"behavior",0.0231119103025175
50,49,10,"consum",0.0227593258585431
50,50,1,"solar",0.14602388000133
50,50,2,"photovolta",0.0901486679748562
50,50,3,"output",0.059051451757741
50,50,4,"generat",0.0479096684072239
50,50,5,"irradi",0.0366015897828184
50,50,6,"weather",0.0344397512222703
50,50,7,"condit",0.0302823693750624
50,50,8,"use",0.0252935111584129
50,50,9,"imag",0.0231316725978648
50,50,10,"cloud",0.0194731765723218
