Common_Macro_Theme,Patent_Topics,Patent_Prevalence,Policy_Topics,Policy_Prevalence,Difference_pp
Metaheuristics and Computational Optimization,"P13, P17, P19, P20",19.65166851730948,L6,4.73352831655952,14.918140200749962
"Machine Learning, Forecasting, and Predictive Analytics","P11, P15, P18",15.01813975592712,L11,5.06662845438709,9.95151130154003
OPF and Mathematical Optimization,"P4, P12",10.03162096601646,"L4, L9",9.62566716978856,0.40595379622789984
"State Estimation, Monitoring, and Cybersecurity","P5, P10",9.95512232960121,"L10, L12, L20",14.75663841529328,-4.80151608569207
"Reliability, Resilience, Security, and Stability","P3, P6",9.89535196564055,"L13, L16, L18",14.961707380167699,-5.066355414527148
Distributed Control and Grid Operation,"P1, P9",9.922951157134321,L15,4.99349044648385,4.929460710650471
"Decarbonization, Electrification, and Integrated Energy Systems","P2, P8",10.322484169702019,"L1, L2, L8",15.05658244507772,-4.7340982753757
"Energy Management, Markets, and Demand Flexibility",P16,5.06786586840752,"L17, L19",9.89726946910229,-4.8294036006947705
"Smart Grids, IoT, and Digitalization",P14,5.13333613259239,"L7, L14",10.61049554867238,-5.47715941607999
"Renewable Energy, Storage, and Uncertainty",P7,5.00145913766892,"L3, L5",10.29799235446761,-5.296533216798689
