"Topic","Prevalence_Rank","Prevalence","Prevalence_Percent"
20,1,0.0528686131658888,5.28686131658888
8,2,0.0516802933742205,5.16802933742205
18,3,0.0516742898303318,5.16742898303318
2,4,0.0515445483227997,5.15445483227997
14,5,0.0513333613259239,5.13333613259239
1,6,0.0511667621112596,5.11667621112596
12,7,0.0509696170565569,5.09696170565569
16,8,0.0506786586840752,5.06786586840752
10,9,0.0503787782397664,5.03787782397664
6,10,0.0500728835332821,5.00728835332821
7,11,0.0500145913766892,5.00145913766892
11,12,0.0498574799879642,4.98574799879642
4,13,0.0493465926036077,4.93465926036077
5,14,0.0491724450562457,4.91724450562457
13,15,0.0490730341005423,4.90730341005423
3,16,0.0488806361231234,4.88806361231234
15,17,0.0486496277409752,4.86496277409752
9,18,0.0480627494600836,4.80627494600836
17,19,0.0477606686839339,4.77606686839339
19,20,0.0468143692227298,4.68143692227298
