"Topic","Rank","Term","Beta"
1,1,"electr",0.176619364109934
1,2,"demand",0.129987425902641
1,3,"load",0.0792599245554158
1,4,"peak",0.0291790910723909
1,5,"profil",0.020628704867972
1,6,"respons",0.0203412969283276
1,7,"time",0.0201975929585055
1,8,"season",0.0176109215017065
1,9,"hour",0.0168924016525957
1,10,"daili",0.0161738818034848
2,1,"technolog",0.0424689317611162
2,2,"research",0.0260051489050631
2,3,"develop",0.0256237485300194
2,4,"challeng",0.0249245145091059
2,5,"paper",0.0202205765502336
2,6,"integr",0.0194577758001462
2,7,"provid",0.0189492419667546
2,8,"manag",0.0176779073832756
2,9,"smart",0.0172329402790579
2,10,"applic",0.0164701395289705
3,1,"control",0.0677822645776127
3,2,"propos",0.0547310612178969
3,3,"optim",0.0398707801647553
3,4,"strategi",0.0378678727184623
3,5,"method",0.0274656759812631
3,6,"can",0.0242997900177677
3,7,"distribut",0.023072201582943
3,8,"problem",0.0224261024067194
3,9,"oper",0.0204231949604264
3,10,"approach",0.0193248263608464
4,1,"product",0.0694983159014359
4,2,"gas",0.0531891508597766
4,3,"plant",0.0486509484134019
4,4,"fuel",0.0414181882644921
4,5,"cost",0.0309235951072505
4,6,"use",0.0308526856940259
4,7,"natur",0.0285126750576139
4,8,"hydrogen",0.0237617443715653
4,9,"potenti",0.0209962772558057
4,10,"produc",0.0204290019500089
5,1,"sector",0.0414985775021577
5,2,"scenario",0.0400920627817025
5,3,"demand",0.0370872358789119
5,4,"econom",0.0327398267429594
5,5,"project",0.0310136495860371
5,6,"growth",0.0309497170987437
5,7,"develop",0.0294153374037017
5,8,"countri",0.0289678099926478
5,9,"polici",0.0280088226832465
5,10,"year",0.0259629830898571
6,1,"electr",0.0798043123754303
6,2,"price",0.070599746330857
6,3,"market",0.0521906142417104
6,4,"vehicl",0.0443631092589237
6,5,"cost",0.0297952527631817
6,6,"transport",0.0267512230476536
6,7,"charg",0.026316361659721
6,8,"batteri",0.021967747780395
6,9,"result",0.0166044573292263
6,10,"drive",0.0150099655734735
7,1,"forecast",0.110685619217186
7,2,"method",0.0460640378272672
7,3,"network",0.0399346195382505
7,4,"data",0.0365488456262222
7,5,"predict",0.0346224570211027
7,6,"error",0.0273255304865591
7,7,"accuraci",0.0245818861095707
7,8,"propos",0.0218382417325822
7,9,"use",0.0195032252415283
7,10,"neural",0.018452467820554
8,1,"model",0.305318568448082
8,2,"data",0.0766554325148451
8,3,"predict",0.0605424490450971
8,4,"use",0.0519402985074627
8,5,"result",0.0289584336382603
8,6,"estim",0.024721553522709
8,7,"develop",0.0228598940779971
8,8,"simul",0.0204204782538918
8,9,"valid",0.0171465254373295
8,10,"paramet",0.0159910126785428
9,1,"effect",0.0780997657915895
9,2,"studi",0.0526514489460622
9,3,"increas",0.0515328416121928
9,4,"result",0.0456601531093788
9,5,"rate",0.0442618939420421
9,6,"valu",0.0358723389380222
9,7,"level",0.0311881707274443
9,8,"show",0.026713741391967
9,9,"signific",0.0251756563078967
9,10,"higher",0.024616352640962
10,1,"solar",0.0937136744517739
10,2,"use",0.0346657158138706
10,3,"area",0.0332394366197183
10,4,"urban",0.0306721340702442
10,5,"photovolta",0.0299589944731681
10,6,"can",0.0228275985024068
10,7,"measur",0.0205455517917632
10,8,"citi",0.0189053307184881
10,9,"region",0.0188340167587805
10,10,"instal",0.0177643073631663
11,1,"energi",0.190874867273722
11,2,"renew",0.0571511309887706
11,3,"sourc",0.0361079828823321
11,4,"sustain",0.0281283181569549
11,5,"suppli",0.0242671900640304
11,6,"target",0.0196981884874031
11,7,"will",0.0192477235432285
11,8,"current",0.0174458637665305
11,9,"develop",0.0168666945525918
11,10,"resourc",0.0168023424177097
12,1,"water",0.0415818022747157
12,2,"design",0.0408118985126859
12,3,"effici",0.0301032370953631
12,4,"perform",0.0298232720909886
12,5,"process",0.0270936132983377
12,6,"predict",0.0234540682414698
12,7,"experiment",0.0176447944006999
12,8,"cell",0.0167349081364829
12,9,"oper",0.0163149606299213
12,10,"condit",0.0145651793525809
13,1,"energi",0.366465090709181
13,2,"consumpt",0.183041748860072
13,3,"effici",0.0505837079196714
13,4,"use",0.0476732529185396
13,5,"save",0.0322801798014423
13,6,"improv",0.0294990783559163
13,7,"reduc",0.0218672185751706
13,8,"predict",0.0132652071273809
13,9,"light",0.0129418232383663
13,10,"total",0.0113895805710959
14,1,"emiss",0.0815870164462477
14,2,"chang",0.0665345185368724
14,3,"impact",0.0550747979062781
14,4,"climat",0.0501811874748351
14,5,"increas",0.0429336884814322
14,6,"carbon",0.0345711896428903
14,7,"reduct",0.0315359122866789
14,8,"futur",0.0277573017003748
14,9,"environment",0.0252175798308917
14,10,"scenario",0.023173413448137
15,1,"factor",0.0355539098528966
15,2,"household",0.0346113710573266
15,3,"adopt",0.0212811795199785
15,4,"behavior",0.0211465311206113
15,5,"variabl",0.0203386407244084
15,6,"influenc",0.0199346955263069
15,7,"find",0.0168377823408624
15,8,"state",0.016433837142761
15,9,"suggest",0.0160972161443431
15,10,"individu",0.0136062207560508
16,1,"wind",0.125368871965731
16,2,"generat",0.0328122139640464
16,3,"output",0.0263683960019039
16,4,"turbin",0.0237322886537546
16,5,"predict",0.0236590634496394
16,6,"speed",0.0234393878372936
16,7,"farm",0.0162633178339985
16,8,"observ",0.0161900926298832
16,9,"variabl",0.016116867425768
16,10,"use",0.0142862373228865
17,1,"paper",0.0553007118049586
17,2,"present",0.0502114782847908
17,3,"reserv",0.0343248168907534
17,4,"two",0.0339809497610123
17,5,"elsevi",0.0320552938344624
17,6,"one",0.0311612392971356
17,7,"new",0.0290980365186892
17,8,"base",0.0288917162408445
17,9,"right",0.0273787008699838
17,10,"first",0.026140779202916
18,1,"system",0.189811021121169
18,2,"generat",0.0967508337303478
18,3,"oper",0.0526663490551056
18,4,"grid",0.0440273145942512
18,5,"cost",0.036976337938701
18,6,"storag",0.0362775925043672
18,7,"capac",0.0353882801333969
18,8,"increas",0.0217309830077815
18,9,"integr",0.0199523582658409
18,10,"unit",0.0177925996506273
19,1,"differ",0.0807493238053895
19,2,"studi",0.0625171135673022
19,3,"use",0.055437940361305
19,4,"analysi",0.0357364677597088
19,5,"evalu",0.0334657895615588
19,6,"can",0.0333322202557852
19,7,"perform",0.0314622499749558
19,8,"base",0.0309279727518616
19,9,"case",0.0308611880989749
19,10,"compar",0.029391925735466
20,1,"build",0.131810999225407
20,2,"heat",0.0790766847405112
20,3,"temperatur",0.044003098373354
20,4,"thermal",0.0439411309062742
20,5,"air",0.0312997676219985
20,6,"simul",0.0302463206816421
20,7,"cool",0.0286351665375678
20,8,"use",0.0227482571649884
20,9,"condit",0.0221285824941906
20,10,"predict",0.0206413632842758
