Topic,Prevalence_Rank,Prevalence,Prevalence_Percent,Top_Terms,Representative_Titles,Topic_Label
7,1,0.0548257444167523,5.48257444167523,"forecast, method, network, data, predict, error, accuraci, propos, use, neural",Investigating the impact of data normalization methods on predicting electricity consumption in a building using different artificial neural network models | A Permutation Importance-Based Feature Selection Method for Short-Term Electricity Load Forecasting Using Random Forest | Machine Learning Application in Reservoir Water Level Forecasting for Sustainable Hydropower Generation Strategy | Crop Yield Estimation Using Deep Learning Based on Climate Big Data and Irrigation Scheduling | A Novel Computational Intelligence Approach for Coal Consumption Forecasting in Iran,"Digitalization, cybersecurity, and emerging technologies"
18,2,0.051688754092994,5.1688754092994,"system, generat, oper, grid, cost, storag, capac, increas, integr, unit",Evaluating Potential Benefits of Flexible Solar Power Generation in the Southern Company System | Integrating solar PV (photovoltaics) in utility system operations: Analytical framework and Arizona case study | Impact of forecast uncertainty and electricity markets on the flexibility provision and economic performance of highly-decarbonized multi-energy systems | Hybrid renewable energy systems: the value of storage as a function of PV-wind variability | The operation of district heating with heat pumps and thermal energy storage in a zero-emission scenario,"Microgrid control, protection, and resilience"
3,3,0.0516834633865169,5.16834633865169,"control, propos, optim, strategi, method, can, distribut, problem, oper, approach",Coordinated Energy Management of Networked Microgrids in Distribution Systems | Model-based optimal supervisory control of chilled ceiling displacement ventilation system | Energy management of cooperative microgrids: A distributed optimization approach | Multi-timescale Active Distribution Network Scheduling Considering Demand Response and User Comprehensive Satisfaction | Research on Multi-Objective Optimization and Control Algorithms for Automatic Train Operation,"Renewable generation, storage, and electrified transport"
20,4,0.0514935710485517,5.14935710485517,"build, heat, temperatur, thermal, air, simul, cool, use, condit, predict",Field study on occupants’ thermal comfort and residential thermal environment in a hot-humid climate of China | Energy use and thermal comfort in a rammed earth office building | The Significance of the Adaptive Thermal Comfort Limits on the Air-Conditioning Loads in a Temperate Climate | Effects of combined central air conditioning diffusers and window-integrated ventilation system on indoor air quality and thermal comfort in an office | Reprint of: On the predicted effectiveness of climate adaptation measures for residential buildings,"Data analytics, privacy, and smart metering"
2,5,0.0514283754731434,5.14283754731434,"technolog, research, develop, challeng, paper, integr, provid, manag, smart, applic","The Smart Grid—State-of-the-art and Future Trends | Nanoscale design to enable the revolution in renewable energy | Through silicon via: From the CMOS imager sensor wafer level package to the 3D integration | Review of Smart Meter Data Analytics: Applications, Methodologies, and Challenges | GPTs are GPTs: Labor market impact potential of LLMs","Decarbonization, climate, and energy transition"
8,6,0.0514210667293786,5.14210667293786,"model, data, predict, use, result, estim, develop, simul, valid, paramet",Energy Consumption Prediction for Electric Vehicles Based on Real-World Data | Time of the week AutoRegressive eXogenous (TOW-ARX) model to predict thermal consumption in a large commercial mall | Generalized additive models for large data sets | Identifying suitable models for the heat dynamics of buildings | A phenomenological model for estimating metabolic energy consumption in muscle contraction,Energy-system reviews and research directions
5,7,0.0512964601581592,5.12964601581592,"sector, scenario, demand, econom, project, growth, develop, countri, polici, year","Long-term electricity demand in China — From quantitative to qualitative growth? | South Africa's greenhouse gas emissions under business-as-usual: The technical basis of ‘Growth without Constraints’ in the Long-Term Mitigation Scenarios | IPCC baseline scenarios have over-projected CO2 emissions and economic growth | Modelling and forecasting CO 2 emissions in the BRICS (Brazil, Russia, India, China, and South Africa) countries using a novel multi-variable grey model | Electricity demand, GDP and employment: evidence from Italy",Uncertainty-aware planning and dispatch
14,8,0.0512792110699715,5.12792110699715,"emiss, chang, impact, climat, increas, carbon, reduct, futur, environment, scenario",Climate impacts on hydropower and consequences for global electricity supply investment needs | Impacts of climate change on hydropower generation in China | Identifying the individual components of United Kingdom domestic sector carbon emission changes between 1990 and 2000 | Assessing Climate Change Impacts on Global Hydropower | Climate and air-quality benefits of a realistic phase-out of fossil fuels,"Smart grids, electric vehicles, and IoT"
13,9,0.050715377465226,5.0715377465226,"energi, consumpt, effici, use, save, improv, reduc, predict, light, total","Green Optical Communications—Part II: Energy Limitations in Networks | The intersection of energy and justice: Modeling the spatial, racial/ethnic and socioeconomic patterns of urban residential heating consumption and efficiency in Detroit, Michigan | Do energy performance certificates allow reliable predictions of actual energy consumption and savings? Learning from the Swiss national database | Refrigerator cost trap for low-income households: Developments in measurement and verification of appliance replacements | Effectiveness of energy renovations: a reassessment based on actual consumption savings","Grid reliability, transmission, and capacity planning"
11,10,0.0506662845438709,5.06662845438709,"energi, renew, sourc, sustain, suppli, target, will, current, develop, resourc","Evaluating the Chances of Implementing the “Fit for 55” Green Transition Package in the V4 Countries | Impact of Policy Instruments in the Implementation of Renewable Sources of Energy in Selected European Countries | From goals to joules: A quantitative approach of interlinkages between energy and the Sustainable Development Goals | Five years left – How are the EU member states contributing to the 20% target for EU's renewable energy consumption; the role of woody biomass | Trading Off Global Fuel Supply, CO2 Emissions and Sustainable Development",Forecasting and predictive analytics
15,11,0.0499349044648385,4.99349044648385,"factor, household, adopt, behavior, variabl, influenc, find, state, suggest, individu","Determinants of Environmental Perceptions and Attitudes in a Socio-Demographically Diverse Urban Setup: The Case of Gauteng Province, South Africa | Explaining domestic energy consumption – The comparative contribution of building factors, socio-demographics, behaviours and attitudes | Characterizing the Energy-Saving Behaviors, Attitudes and Awareness of University Students in Macau | The impact of socioeconomic and behavioural factors for purchasing energy efficient household appliances: A case study for Denmark | Understanding electricity consumption: A comparative contribution of building factors, socio-demographics, appliances, behaviours and attitudes",Distributed voltage control and DER coordination
17,12,0.0495051202535143,4.95051202535143,"paper, present, reserv, two, elsevi, one, new, base, right, first","Adaptive mixed-integer programming unit commitment strategy for determining the value of forecasting | A general equilibrium view of global rebound effects | Wave energy potential in the Baltic Sea and the Danish part of the North Sea, with reflections on the Skagerrak | Potentials for energy savings and long term energy demand of Croatian households sector | Scenario-based comparative assessment of potential future electricity systems – A new methodological approach using Germany in 2050 as an example",Renewable energy management and storage integration
19,13,0.0494675744375086,4.94675744375086,"differ, studi, use, analysi, evalu, can, perform, base, case, compar","Do energy performance certificates allow reliable predictions of actual energy consumption and savings? Learning from the Swiss national database | Variations in results of building energy simulation tools, and their impact on BREEAM and LEED ratings: A case study | Greenhouse gas emissions of conventional and alternative vehicles: Predictions based on energy policy analysis in South Korea | Performance simulation of grid-connected rooftop solar PV system for small households: A case study of Ujjain, India | Assessing the thermodynamic performance of Irish municipal wastewater treatment plants using exergy analysis: a potential benchmarking approach",Electricity markets and peer-to-peer energy trading
12,14,0.048817179074437,4.8817179074437,"water, design, effici, perform, process, predict, experiment, cell, oper, condit",Statistical design of experiments for efficient performance characterization of protonic-ceramic electrolysis cells | Thermoelectric power generation in the core of a nuclear reactor | Lightweight in Automotive Components by Forming Technology | Theoretical and experimental performance of a two-stage (50X) hybrid spectrum splitting solar collector tested to 600 °C | Integrated solar-driven high-temperature electrolysis operating with concentrated irradiation,"State, parameter, and topology estimation"
9,15,0.0484222008576371,4.84222008576371,"effect, studi, increas, result, rate, valu, level, show, signific, higher",Econometric modeling of electricity consumption in post-war Lebanon | Evaluation and analysis of ecological security in arid areas of Central Asia based on the emergy ecological footprint (EEF) model | Energy and indoor air quality implications of alternative minimum ventilation rates in California offices | A direct comparison of three different material enhancement methods on the transient thermal response of paraffin phase change material exposed to high heat fluxes | Are the annual relative variation rates of energy consumption approximate in different cities with the same shading coefficient?,Power-system optimization and adaptive methods
4,16,0.0478344708402485,4.78344708402485,"product, gas, plant, fuel, cost, use, natur, hydrogen, potenti, produc",Financial tradeoffs of energy and food uses of algal biomass under stochastic conditions | Hydrogen Production from Fossil Fuels: Life Cycle Assessment of Technologies with Low Greenhouse Gas Emissions | The potential biomass for energy production in the Czech Republic | Using surplus nuclear power for hydrogen mobility and power-to-gas in France | Integrated gasification gas combined cycle plant with membrane reactors: Technological and economical analysis,Optimal power flow and mathematical optimization
1,17,0.0477163822482553,4.77163822482552,"electr, demand, load, peak, profil, respons, time, season, hour, daili","Investigation on air conditioning load patterns and electricity consumption of typical residential buildings in tropical wet and dry climate in India | Price-based demand side management: Assessing the impacts of time-of-use tariffs on residential electricity demand and peak shifting in Northern Italy | Long-term forecasting of hourly electricity load: Identification of consumption profiles and segmentation of customers | An Intelligent Home Energy Management System to Improve Demand Response | A systematic review of motivations, enablers and barriers for consumer engagement with residential demand response",Open energy-system modeling and infrastructure analysis
6,18,0.0473352831655952,4.73352831655952,"electr, price, market, vehicl, cost, transport, charg, batteri, result, drive",Global energy consumption due to friction in passenger cars | Global energy consumption due to friction in trucks and buses | An innovation and policy agenda for commercially competitive plug-in hybrid electric vehicles | A time-dependent stated preference approach to measuring vehicle type preferences and market elasticity of conventional and green vehicles | Expectations and forward risk premium in the Spanish deregulated power market,Computational and metaheuristic optimization
10,19,0.0472556340299441,4.72556340299441,"solar, use, area, urban, photovolta, can, measur, citi, region, instal",A Comparative Assessment of Annual Solar Irradiance Trends between Mpumalanga and Northern Cape Province in South Africa Using PVGIS | Sky view factor as predictor of solar availability on building façades | Spatial insolation models for photovoltaic energy in Canada | An assessment of the regional potential for solar power generation in EU-28 | DeepSolar: A Machine Learning Framework to Efficiently Construct a Solar Deployment Database in the United States,Cybersecurity and anomaly detection
16,20,0.047212942243457,4.7212942243457,"wind, generat, output, turbin, predict, speed, farm, observ, variabl, use",How wind speed shear and directional veer affect the power production of a megawatt-scale operational wind turbine | Mountain waves can impact wind power generation | Atmospheric stability affects wind turbine power collection | Wind turbine power and sound in relation to atmospheric stability | Importance of thermal effects and sea surface roughness for offshore wind resource assessment,Grid resilience and critical infrastructure
