Country,Patent_Publications,Patent_Citations,Policy_Publications,Policy_Citations
Algeria,18,43,9,11
Argentina,7,21,6,13
Australia,142,402,161,514
Austria,21,57,40,167
Belgium,29,79,56,208
Brazil,45,88,64,237
Canada,142,504,134,388
Chile,16,27,19,56
China,1248,1870,280,620
Cyprus,7,31,20,70
Denmark,74,134,91,331
Egypt,35,59,18,24
Finland,34,65,47,245
France,110,359,95,314
Germany,127,420,184,860
Greece,29,44,41,125
Hong Kong,111,261,61,112
India,113,210,73,229
Iran,65,101,45,62
Iraq,3,4,6,9
Italy,141,439,151,504
Japan,88,265,54,204
Jordan,2,2,5,7
Malaysia,29,62,25,35
Mexico,15,18,10,21
Netherlands,54,177,93,517
Norway,28,47,48,228
Pakistan,39,132,21,63
Poland,28,40,21,30
Portugal,42,69,49,152
Qatar,15,19,12,21
Saudi Arabia,54,96,23,46
Singapore,74,180,42,99
South Africa,10,21,33,116
South Korea,192,506,62,136
Spain,132,401,137,425
Sweden,53,138,63,428
Switzerland,58,204,83,719
Taiwan,77,360,25,46
Turkey,33,65,46,112
Ukraine,3,4,1,1
United Arab Emirates,26,45,21,63
United Kingdom,297,771,415,2061
United States,805,3338,754,3546
Uzbekistan,1,2,3,8
