Rank,Title,Year,Journal,Patent citations,Citing patent families
1,Feedback analysis and design of RF power links for low-power bionic systems,2007,IEEE Transactions on Biomedical Circuits and Systems,254,117
2,"Predictive control for energy efficient buildings with thermal storage: Modeling, stimulation, and experiments",2012,IEEE Control Systems,129,81
3,Phase-change random access memory: A scalable technology,2008,IBM Journal of Research and Development,120,79
4,Model predictive control of radiant slab systems with evaporative cooling sources,2015,Energy and Buildings,119,75
5,RF channel modelling and multi-hop routing for wireless sensor networks located on oil rigs,2016,IET Wireless Sensor Systems,108,7
6,Neuromorphic photonic networks using silicon photonic weight banks,2017,Scientific Reports,86,50
7,Adaptive Resource Utilization Prediction System for Infrastructure as a Service Cloud,2017,Computational Intelligence and Neuroscience,84,11
8,An electricity price forecasting model by hybrid structured deep neural networks,2018,Sustainability (Switzerland),79,6
9,Distributed solar renewable generation: Option contracts with renewable energy credit uncertainty,2015,Energy Economics,79,5
10,Optimal control strategy for a multi-zone air conditioning system using a genetic algorithm,2009,Energy,75,66
