Author,Patent_Publications,Patent_Citations,Policy_Publications,Policy_Citations
"Hodge, Bri-Mathias (35757689400)",1,3,22,60
"Pinson, Pierre (19337428700)",10,20,13,25
"Madsen, Henrik (56519253700)",10,30,9,21
"Shipworth, David (6507200086)",0,0,8,49
"Rajagopal, Ram (23493672100)",5,17,8,39
"Zhang, Jie (49962476600)",2,8,8,21
"O'Malley, Mark (7102539785)",5,8,7,94
"Zachariadis, Theodoros (57214957562)",0,0,7,35
"Oreszczyn, Tadj (60731741100)",0,0,6,34
"Callaway, Duncan S. (26038994100)",5,47,6,27
"Nateghi, Roshanak (36677968200)",0,0,6,20
"Hobbs, Benjamin F. (57203214200)",1,1,6,19
"Steemers, Koen (6602734158)",1,2,6,18
"Belmans, Ronnie (16068077100)",0,0,6,14
"Haghighat, Fariborz (23396910300)",3,7,6,14
"Natarajan, Sukumar (21743141100)",0,0,6,13
"Meibom, Peter (6507910621)",2,3,5,81
"Galvin, Ray (30467583800)",0,0,5,80
"Jacobson, Mark Z. (55113736500)",0,0,5,56
"Driesen, Johan (7004047047)",1,12,5,24
