Rank,Title,Year,Journal,Policy citations
1,Access to electricity in the World Energy Council's global energy scenarios: An outlook for developing regions until 2030,2016,Energy Strategy Reviews,244
2,"Help or hindrance? The travel, energy and carbon impacts of highly automated vehicles",2016,Transportation Research Part A: Policy and Practice,191
3,GPTs are GPTs: Labor market impact potential of LLMs,2024,Science,152
4,The Energy and Carbon Footprint of the Global ICT and E&M Sectors 2010–2015,2018,Sustainability,104
5,Green house gases emissions in the production and use of ethanol from sugarcane in Brazil: The 2005/2006 averages and a prediction for 2020,2008,Biomass and Bioenergy,95
6,Contribution of air conditioning adoption to future energy use under global warming,2015,Proceedings of the National Academy of Sciences,93
7,Introducing the prebound effect: the gap between performance and actual energy consumption,2012,Building Research & Information,65
8,"Impacts of large amounts of wind power on design and operation of power systems, results of IEA collaboration",2011,Wind Energy,62
9,Environmental tipping points significantly affect the cost−benefit assessment of climate policies,2015,Proceedings of the National Academy of Sciences,61
10,Cost development of future technologies for power generation—A study based on experience curves and complementary bottom-up assessments,2008,Energy Policy,54
