"Term","Document_Frequency","Term_Frequency"
"energi",2108,8639
"use",1958,4415
"predict",1786,3027
"model",1670,4881
"result",1545,2263
"elsevi",1339,1347
"electr",1273,3569
"studi",1254,1987
"consumpt",1231,2834
"system",1230,3196
"paper",1224,1513
"ltd",1109,1116
"can",1106,1718
"develop",1068,1704
"data",1060,2009
"generat",1032,2069
"demand",1020,2412
"increas",1016,1779
"forecast",977,2361
"base",973,1330
"show",969,1188
"perform",868,1501
"differ",839,1372
"present",822,1046
"effect",818,1261
"also",815,1006
"compar",771,999
"reduc",756,1064
"provid",752,976
"oper",746,1378
"propos",735,1252
"method",717,1377
"analysi",699,991
"effici",697,1218
"impact",696,1151
"time",683,1042
"signific",678,876
"cost",652,1435
"estim",649,1021
"simul",627,1039
"potenti",627,968
"high",621,833
"improv",614,893
"chang",601,1110
"howev",600,671
"futur",590,908
"approach",589,968
"product",587,1166
"import",584,740
"renew",582,1158
"build",579,2128
"level",566,842
"author",566,597
"includ",558,667
"two",553,709
"requir",549,727
"technolog",546,1007
"consid",544,701
"new",536,748
"emiss",532,1319
"econom",518,848
"case",518,663
"condit",512,765
"evalu",511,675
"reserv",509,643
"load",506,1151
"due",506,641
"year",504,725
"one",503,643
"measur",500,785
"will",494,852
"scenario",493,1001
"heat",478,1276
"design",474,759
"assess",472,666
"research",469,632
"current",465,629
"appli",462,540
"achiev",458,578
"integr",455,630
"indic",453,583
"addit",452,539
"need",447,563
"solar",446,1314
"investig",441,510
"variabl",440,766
"sourc",439,626
"relat",437,534
"control",436,1049
"right",433,441
"polici",427,751
"total",423,583
"well",423,517
"optim",417,661
"reduct",417,626
"wind",414,1713
"factor",411,631
"combin",410,528
"process",408,667
"climat",406,943
"rate",406,693
"network",398,754
"larg",398,487
"price",395,976
"demonstr",394,468
"find",391,489
"fuel",386,749
"distribut",386,618
"work",385,466
"valu",384,579
"applic",384,504
"avail",376,466
"grid",373,713
"period",371,498
"three",369,456
"averag",368,505
"first",367,420
"temperatur",366,841
"strategi",365,589
"manag",365,569
"suppli",363,588
"plan",360,538
"resourc",356,580
"may",356,464
"order",356,413
"test",354,481
"gas",353,753
"environment",352,554
"sector",350,658
"account",350,406
"market",348,721
"limit",346,428
"respect",344,444
"main",339,399
"rang",338,426
"thermal",337,715
"higher",336,422
"exist",336,399
"depend",333,389
"util",332,459
"project",331,594
"determin",331,393
"produc",329,440
"region",328,563
"countri",326,579
"accur",326,405
"make",325,374
"area",324,490
"suggest",324,369
"aim",324,348
"capac",323,573
"inform",323,428
"set",322,428
"paramet",321,437
"save",319,544
"term",319,390
"error",317,525
"identifi",317,389
"plant",316,719
"obtain",316,387
"analyz",314,379
"global",312,484
"challeng",312,392
"unit",311,434
"possibl",311,371
"mean",310,421
"industri",307,520
"dynam",307,454
"implement",305,363
"annual",301,446
"calcul",300,412
"sustain",298,447
"low",298,359
"sever",297,350
"within",295,345
"algorithm",293,477
"found",293,376
"support",293,356
"photovolta",292,445
"natur",292,427
"reliabl",292,376
"carbon",291,649
"accuraci",291,426
"air",285,506
"contribut",284,334
"number",282,365
"methodolog",281,393
"decreas",278,376
"problem",278,370
"valid",276,321
"type",274,398
"state",273,405
"lower",272,337
"residenti",271,489
"various",271,319
"expect",270,328
"associ",270,312
"nation",269,357
"final",269,293
"recent",268,290
"influenc",264,334
"therefor",264,292
"allow",263,321
"discuss",263,306
"focus",263,297
"specif",262,302
"storag",260,571
"growth",260,487
"framework",260,374
"comput",259,358
"lead",259,308
"affect",256,296
"examin",255,288
"consum",254,378
"direct",253,324
"tool",252,363
"locat",252,330
"uncertainti",251,385
"input",251,342
"weather",248,409
"repres",248,280
"characterist",247,322
"key",247,284
"respons",245,379
"function",244,317
"benefit",243,327
"general",243,282
"output",239,365
"techniqu",239,342
"mani",238,264
"hour",237,381
"regress",237,316
"particular",233,250
"water",231,598
"pattern",231,335
"major",230,259
"less",229,273
"observ",228,280
"issu",226,256
"peak",225,406
"environ",225,286
"ieee",225,240
"conduct",224,267
"better",224,257
"address",224,243
"scale",222,298
"variat",222,297
"instal",221,334
"per",221,322
"role",221,249
"thus",221,248
"overal",220,252
"select",219,296
"solut",219,295
"analys",219,266
"statist",219,265
"structur",217,309
"becom",215,232
"actual",213,296
"take",213,236
"across",211,262
"adopt",210,357
"neural",210,319
"target",208,316
"household",207,517
"day",207,299
"transport",205,396
"amount",205,236
"follow",202,227
"understand",201,237
"novel",200,228
"activ",199,313
"altern",199,249
"like",198,226
"cool",196,465
"local",196,273
"employ",196,231
"help",195,216
"detail",194,221
"standard",193,265
"without",193,216
"consider",193,208
"vehicl",191,614
"mitig",191,269
"trend",191,240
"given",189,205
"convent",188,234
"caus",188,213
"greenhous",187,246
"vari",187,219
"behavior",186,324
"decis",186,248
"second",186,206
"program",184,272
"intern",184,231
"even",184,197
"consist",184,193
"size",183,287
"describ",183,210
"wide",183,198
"servic",182,263
"invest",182,258
"share",182,253
"comparison",182,208
"urban",181,441
"meet",181,218
"advanc",181,213
"experiment",180,257
"histor",180,221
"world",179,223
"complex",179,215
"toward",179,208
"qualiti",178,248
"minim",178,216
"accord",178,201
"enabl",178,197
"profil",177,290
"small",177,225
"among",177,199
"longterm",176,223
"reveal",176,188
"construct",175,236
"part",174,213
"multipl",173,201
"critic",173,195
"practic",172,205
"introduc",171,187
"individu",170,219
"real",170,217
"compon",169,233
"fossil",169,231
"enhanc",169,197
"object",168,197
"quantifi",168,190
"concern",168,184
"especi",167,182
"furthermor",167,175
"popul",166,247
"four",166,205
"typic",166,191
"adapt",165,238
"daili",165,230
"experi",165,221
"relationship",164,214
"engin",163,224
"balanc",163,219
"point",163,204
"continu",163,196
"collect",163,190
"speed",161,320
"field",160,210
"numer",160,199
"shown",160,187
"season",158,275
"sensit",158,195
"smart",157,320
"correl",157,206
"explor",157,183
"sinc",157,169
"seri",156,224
"previous",156,181
"cycl",155,279
"commerci",155,196
"literatur",155,177
"grow",155,176
"comfort",154,300
"best",154,178
"public",153,220
"basi",153,163
"linear",152,189
"made",152,173
"occup",151,329
"articl",151,182
"common",151,167
"strong",151,163
"mix",150,186
"capabl",150,167
"citi",149,270
"schedul",149,269
"risk",149,247
"infrastructur",149,195
"establish",149,162
"govern",148,180
"similar",148,169
"way",147,163
"moreov",147,155
"report",146,175
"offer",146,168
"flexibl",145,268
"mechan",145,193
"posit",145,178
"although",145,147
"decad",144,159
"option",143,197
"month",142,230
"captur",142,207
"domest",142,188
"artifici",142,177
"publish",142,165
"train",141,230
"survey",141,178
"form",141,163
"regard",141,161
"china",140,321
"primari",140,186
"remain",140,149
"play",140,146
"hybrid",138,228
"featur",138,211
"empir",138,170
"long",138,170
"much",138,157
"rapid",138,157
"deploy",137,176
"substanti",137,156
"reach",137,153
"highlight",137,151
"site",136,217
"assum",136,155
"refer",135,173
"approxim",135,155
"incorpor",135,149
"economi",134,191
"maximum",134,161
"turbin",133,325
"tradit",133,159
"implic",133,152
"promis",133,142
"user",132,214
"shortterm",132,171
"suitabl",132,157
"technic",132,152
"purpos",132,148
"usag",131,190
"rise",131,157
"penetr",130,190
"dataset",130,178
"around",130,154
"constraint",129,171
"exampl",129,148
"great",129,144
"carri",129,140
"access",128,163
"good",128,143
"batteri",127,308
"loss",127,219
"intens",127,202
"space",127,188
"monitor",127,179
"maintain",126,136
"scheme",125,224
"yield",125,215
"materi",125,209
"regul",125,190
"initi",125,155
"goal",125,149
"interest",125,139
"still",125,137
"charg",124,363
"light",124,211
"group",124,177
"creat",124,150
"involv",124,141
"greater",124,136
"drive",123,208
"life",123,207
"shift",123,163
"gain",123,153
"coupl",123,149
"success",123,134
"robust",122,151
"feasibl",122,141
"ensur",122,137
"stochast",121,183
"transit",121,171
"european",121,159
"deriv",121,146
"formul",121,143
"context",121,131
"sampl",120,166
"aggreg",119,171
"physic",118,154
"emerg",118,145
"end",118,136
"often",118,129
"consequ",117,125
"essenti",117,121
"concentr",116,204
"surfac",116,186
"run",116,146
"devic",115,178
"least",115,125
"coal",114,234
"abl",114,130
"indoor",113,214
"abil",113,121
"insight",112,118
"net",111,163
"secur",111,161
"along",111,120
"hous",110,191
"review",110,150
"appropri",110,120
"near",110,116
"equip",109,164
"assumpt",109,136
"simpl",109,125
"extens",109,119
"ventil",108,194
"transmiss",108,181
"nonlinear",108,143
"convers",108,137
"advantag",108,123
"defin",108,123
"societi",108,120
"conclud",108,111
"panel",107,199
"incom",107,164
"coeffici",107,152
"concept",107,135
"negat",107,125
"conserv",106,157
"realtim",106,154
"short",106,124
"comprehens",105,119
"illustr",105,110
"next",104,124
"reason",104,111
"occur",103,117
"effort",103,115
"must",103,115
"cell",102,240
"central",102,126
"step",102,125
"singl",102,117
"relev",102,109
"densiti",101,171
"replac",101,133
"necessari",100,109
"face",99,115
"largest",99,115
"oil",98,232
"behaviour",98,182
"properti",98,127
"interact",98,126
"largescal",98,122
"ratio",97,129
"open",97,121
"configur",96,134
"five",96,111
"correspond",96,104
"stage",95,140
"character",95,120
"percentag",95,115
"knowledg",95,112
"switzerland",95,99
"hydrogen",94,336
"social",94,148
"spatial",94,141
"connect",94,107
"crucial",94,101
"despit",94,98
"gap",93,137
"intellig",93,128
"extract",93,124
"meteorolog",93,113
"via",93,108
"applianc",92,185
"probabl",92,113
"promot",92,107
"farm",91,226
"pump",91,209
"million",91,156
"pressur",91,142
"theoret",91,137
"pollut",91,133
"particip",91,129
"summer",91,114
"innov",91,109
"built",91,107
"recommend",91,104
"perspect",91,100
"last",91,98
"difficult",91,96
"transfer",90,144
"phase",90,140
"extrem",90,122
"absolut",90,113
"highest",90,110
"past",90,101
"scienc",90,99
"extend",90,98
"name",90,92
"competit",89,108
"cover",89,107
"realist",89,99
"opportun",89,95
"home",88,179
"stabil",88,118
"clear",88,96
"confirm",88,91
"radiat",87,137
"lack",87,100
"stock",85,164
"fluctuat",85,114
"prefer",85,113
"evid",85,100
"independ",85,98
"larger",85,94
"facilit",85,91
"place",85,90
"modul",84,204
"adjust",84,100
"attribut",84,98
"taken",84,86
"dispatch",83,141
"financi",83,104
"avoid",83,92
"domin",83,92
"aspect",83,86
"mdpi",83,83
"trade",82,118
"dayahead",82,109
"transform",82,106
"geograph",82,98
"solv",82,92
"intermitt",82,88
"deep",81,124
"predictor",81,114
"whether",81,93
"license",81,81
"offic",80,183
"green",80,139
"human",80,128
"atmospher",80,117
"tempor",80,93
"usual",80,87
"extent",80,86
"suffici",80,84
"basel",80,80
"facil",79,111
"horizon",79,102
"accept",79,99
"margin",79,99
"origin",79,97
"attent",79,81
"rather",79,81
"manufactur",78,118
"driver",78,106
"zone",77,128
"softwar",77,107
"winter",77,103
"theori",77,94
"univers",77,91
"close",77,83
"reli",77,83
"ghg",76,159
"irradi",76,154
"custom",76,138
"south",76,120
"index",76,102
"normal",76,100
"evolut",76,99
"explain",76,97
"baselin",75,122
"random",75,98
"fit",75,95
"squar",75,92
"known",75,83
"almost",75,78
"outcom",74,85
"nuclear",73,187
"gdp",73,158
"event",73,139
"mode",73,125
"hot",73,102
"warm",73,102
"element",73,95
"procedur",73,92
"compani",73,86
"institut",73,86
"equival",73,81
"communiti",72,135
"extern",72,97
"minimum",72,93
"vector",72,89
"entir",72,78
"probabilist",71,128
"frequenc",71,119
"dioxid",71,101
"simultan",71,75
"maker",71,74
"metric",70,102
"interv",70,101
"link",70,98
"separ",70,94
"expans",70,93
"divers",70,82
"wherea",70,76
"ann",69,174
"curv",69,110
"convert",69,95
"modifi",69,81
"view",69,77
"situat",69,75
"henc",69,74
"fulli",69,73
"clean",68,112
"meter",68,110
"benchmark",68,100
"europ",68,97
"degre",68,88
"correct",68,85
"togeth",68,77
"appear",68,76
"move",68,76
"realiz",68,75
"worldwid",68,71
"biomass",67,191
"retrofit",67,169
"resolut",67,100
"mass",67,88
"deviat",67,87
"quantit",67,77
"whole",67,77
"proper",67,73
"copyright",67,72
"proport",67,70
"island",66,100
"maxim",66,84
"action",66,82
"full",66,77
"exploit",66,75
"today",66,75
"mathemat",66,74
"come",66,68
"dwell",65,154
"incent",65,96
"declin",65,82
"task",65,81
"complet",65,69
"communic",64,85
"composit",64,84
"choic",64,78
"side",64,78
"six",64,78
"constant",64,77
"stabl",64,77
"reflect",64,74
"upon",64,72
"conclus",64,71
"might",64,68
"give",64,67
"wast",63,127
"station",63,117
"profit",63,107
"platform",63,94
"outdoor",63,90
"analyt",63,82
"start",63,73
"organ",63,72
"deal",63,70
"fix",63,69
"call",63,68
"littl",63,64
"verifi",63,64
"detect",62,113
"chemic",62,99
"architectur",62,90
"weight",62,90
"respond",62,81
"age",62,79
"fast",62,79
"capit",62,78
"medium",62,75
"exhibit",62,65
"either",62,63
"health",61,86
"fundament",61,74
"north",61,73
"exceed",61,69
"land",60,112
"peopl",60,93
"magnitud",60,68
"agreement",60,66
"policymak",60,65
"fact",60,62
"varieti",60,61
"hvac",59,128
"cluster",59,93
"signal",59,91
"serv",59,64
"hydropow",58,162
"map",58,92
"exchang",58,80
"forc",58,80
"calibr",58,78
"modern",58,73
"subject",58,65
"record",58,63
"smaller",58,62
"yet",58,59
"store",57,97
"layer",57,96
"recoveri",57,80
"remov",57,78
"equat",57,70
"socioeconom",57,70
"decisionmak",57,67
"partial",57,63
"systemat",57,63
"expand",57,60
"cold",56,96
"line",56,78
"autoregress",56,72
"categori",56,71
"volum",56,69
"earli",56,65
"realworld",56,65
"subsequ",56,58
"adequ",56,57
"forest",55,99
"onlin",55,70
"ahead",55,69
"turn",55,64
"presenc",55,62
"certain",55,57
"sensor",54,87
"bottomup",54,75
"databas",54,74
"barrier",54,67
"deliv",54,66
"doubl",54,66
"energyeffici",54,65
"precis",54,65
"gross",54,64
"status",54,64
"tradeoff",54,64
"attract",54,59
"throughout",54,57
"outperform",54,56
"valuabl",54,54
"elast",53,115
"resid",53,93
"kwh",53,91
"california",53,86
"ambient",53,74
"contain",53,67
"datadriven",53,67
"excess",53,66
"overcom",53,61
"question",53,60
"compris",53,56
"tariff",52,114
"center",52,107
"voltag",52,106
"electrif",52,90
"pathway",52,76
"receiv",52,69
"updat",52,67
"equal",52,63
"driven",52,62
"anoth",52,55
"particl",51,89
"mobil",51,77
"acceler",51,74
"commit",51,68
"live",51,66
"durat",51,63
"viabl",51,59
"mainten",51,58
"american",51,55
"desir",51,53
"rais",51,51
"room",50,74
"heterogen",50,64
"busi",50,63
"root",50,61
"econometr",50,57
"power",50,54
"uniqu",50,54
"satisfi",50,52
"contrast",50,51
"travel",49,89
"diffus",49,86
"insul",49,86
"india",49,83
"australia",49,75
"germani",49,69
"everi",49,58
"automat",49,57
"lowest",49,57
"uncertain",49,56
"assist",49,55
"fall",49,55
"match",49,55
"under",49,52
"slight",49,51
"endus",48,76
"volatil",48,70
"progress",48,62
"led",48,57
"expens",48,51
"easili",48,49
"primarili",48,48
"road",47,107
"agricultur",47,93
"rural",47,83
"intervent",47,74
"ground",47,68
"distanc",47,67
"combust",47,63
"solid",47,62
"bill",47,58
"fraction",47,57
"strateg",47,56
"third",47,50
"reactor",46,99
"degrad",46,90
"billion",46,68
"criteria",46,63
"resili",46,63
"optimum",46,59
"protect",46,59
"ton",46,58
"induc",46,56
"principl",46,52
"attempt",46,51
"encourag",46,51
"prior",46,51
"distinct",46,50
"alreadi",46,47
"footprint",45,80
"determinist",45,65
"classifi",45,64
"privat",45,64
"motiv",45,62
"vulner",45,57
"fluid",45,56
"min",45,54
"boundari",45,52
"far",45,52
"viabil",45,52
"hand",45,51
"regim",45,51
"regulatori",45,51
"frequent",45,48
"seek",45,47
"instead",45,46
"stateoftheart",45,46
"prove",45,45
"food",44,97
"traffic",44,95
"window",44,86
"code",44,66
"fleet",44,65
"basic",44,47
"impli",44,47
"introduct",44,47
"latter",44,45
"inher",44,44
"mpc",43,85
"treatment",43,85
"revenu",43,71
"alloc",43,59
"shape",43,59
"passiv",43,58
"identif",43,56
"quantiti",43,50
"accommod",43,48
"most",43,46
"springer",43,46
"superior",43,44
"llc",43,43
"offshor",42,104
"array",42,92
"cloud",42,76
"capita",42,67
"coordin",42,63
"canada",42,59
"decomposit",42,56
"southern",42,55
"costeffect",42,53
"anticip",42,52
"content",42,49
"laboratori",42,46
"done",42,44
"interconnect",41,66
"district",41,62
"autom",41,61
"persist",41,59
"humid",41,55
"western",41,48
"mont",41,45
"poor",41,44
"leverag",41,43
"now",41,42
"wave",40,149
"ensembl",40,74
"failur",40,65
"feedback",40,59
"substitut",40,58
"northern",40,52
"week",40,51
"envelop",40,50
"genet",40,46
"spain",40,46
"recogn",40,43
"moder",40,42
"export",39,79
"wall",39,67
"rmse",39,65
"switch",39,62
"aircondit",39,61
"track",39,57
"smooth",39,54
"decarbon",39,53
"boost",39,52
"return",39,51
"score",39,51
"energyplus",39,50
"afford",39,49
"gase",39,47
"wiley",39,46
"andor",39,43
"union",39,43
"aid",39,42
"bring",39,41
"prospect",39,41
"half",39,40
"seen",39,39
"special",39,39
"residu",38,75
"africa",38,66
"class",38,57
"gradient",38,57
"chain",38,54
"stakehold",38,49
"format",38,48
"john",38,45
"son",38,45
"unlik",38,43
"carlo",38,42
"etc",38,42
"greatest",38,42
"vital",38,42
"handl",38,41
"eight",38,40
"pose",38,40
"car",37,85
"outag",37,68
"dri",37,62
"act",37,57
"bias",37,56
"memori",37,52
"cumul",37,50
"height",37,50
"mape",37,50
"drop",37,45
"represent",37,43
"alon",37,40
"aris",37,40
"attain",37,40
"flow",37,40
"other",37,40
"keep",37,39
"manner",37,39
"tend",37,39
"microgrid",36,107
"refriger",36,81
"causal",36,69
"vertic",36,58
"lifetim",36,55
"safeti",36,55
"equilibrium",36,45
"refin",36,45
"remot",36,45
"stress",36,45
"person",36,43
"itali",36,42
"path",36,42
"explicit",36,39
"seven",36,39
"date",36,37
"franci",36,36
"taylor",36,36
"filter",35,66
"veloc",35,54
"tree",35,51
"demograph",35,47
"provis",35,47
"instrument",35,46
"infer",35,44
"alter",35,43
"simplifi",35,42
"compens",35,41
"law",35,41
"joint",35,40
"scope",35,40
"chosen",35,38
"planner",35,38
"scientif",35,38
"though",35,38
"back",35,37
"impos",35,36
"popular",35,36
"therebi",35,36
"widespread",35,36
"broad",35,35
"iop",35,35
"tax",34,79
"intraday",34,76
"brazil",34,63
"angl",34,56
"provinc",34,56
"educ",34,49
"lowcarbon",34,49
"feed",34,48
"centr",34,47
"indirect",34,47
"technoeconom",34,45
"confid",34,43
"asset",34,42
"transient",34,42
"multivari",34,41
"zero",34,39
"guarante",34,38
"insuffici",34,38
"outlin",34,38
"care",34,37
"prevent",34,37
"multilay",34,35
"top",34,35
"diesel",33,55
"stream",33,49
"threshold",33,48
"purchas",33,46
"classif",33,44
"varianc",33,44
"restrict",33,41
"utilis",33,41
"exogen",33,40
"oxid",33,38
"commiss",33,37
"topic",33,37
"businessasusu",33,35
"compos",33,35
"releas",33,35
"except",33,33
"reservoir",32,76
"ownership",32,57
"ireland",32,55
"bodi",32,52
"twh",32,52
"electron",32,47
"interpret",32,46
"forward",32,45
"span",32,44
"insid",32,43
"plugin",32,42
"logist",32,35
"permit",32,35
"regular",32,35
"look",32,34
"seem",32,33
"ramp",31,91
"mine",31,81
"bid",31,67
"attitud",31,63
"damag",31,52
"circul",31,47
"demandsid",31,44
"free",31,43
"matter",31,39
"rough",31,39
"usa",31,39
"embed",31,38
"sens",31,37
"virtual",31,37
"cope",31,36
"centuri",31,35
"underestim",31,35
"alway",31,34
"fail",31,34
"huge",31,34
"besid",31,33
"dimens",31,33
"licens",31,33
"preliminari",31,33
"quit",31,33
"constitut",31,32
"beyond",31,31
"put",31,31
"energysav",30,68
"curtail",30,48
"rout",30,47
"inject",30,45
"longrun",30,45
"perceiv",30,45
"subsidi",30,45
"polit",30,44
"setpoint",30,44
"floor",30,43
"inc",30,38
"isol",30,38
"owner",30,36
"favor",30,33
"agre",30,32
"media",30,32
"versus",30,32
"depart",30,31
"met",30,30
"tidal",29,114
"passeng",29,55
"bayesian",29,48
"digit",29,46
"harvest",29,44
"resist",29,44
"portfolio",29,43
"exposur",29,42
"german",29,42
"prototyp",29,41
"decarbonis",29,40
"fund",29,35
"gridconnect",29,35
"offset",29,35
"guid",29,33
"prioriti",29,33
"version",29,33
"experienc",29,32
"massiv",29,32
"enough",29,31
"gradual",29,30
"overview",29,30
"weak",29,30
"just",29,29
"notabl",29,29
"slow",29,29
"marin",28,58
"speci",28,50
"circuit",28,45
"reaction",28,45
"orient",28,44
"sea",28,43
"thermodynam",28,43
"arima",28,41
"awar",28,40
"delay",28,40
"disturb",28,39
"rule",28,36
"minimis",28,34
"descript",28,32
"newli",28,32
"supplement",28,32
"begin",28,31
"dramat",28,30
"evolv",28,30
"ongo",28,30
"add",28,29
"benefici",28,29
"burden",28,29
"choos",28,29
"exclus",28,29
"iii",28,29
"raw",28,29
