Common_Macro_Theme,Perspective,Prevalence_Percent
Metaheuristics and Computational Optimization,Academic,20.24439504110177
"Machine Learning, Forecasting, and Predictive Analytics",Academic,14.46162738595653
OPF and Mathematical Optimization,Academic,10.11986710114552
"State Estimation, Monitoring, and Cybersecurity",Academic,7.80680845429056
"Reliability, Resilience, Security, and Stability",Academic,10.04801249737087
Distributed Control and Grid Operation,Academic,9.7529718322567
"Decarbonization, Electrification, and Integrated Energy Systems",Academic,8.02589518462174
"Energy Management, Markets, and Demand Flexibility",Academic,7.72573426177688
"Smart Grids, IoT, and Digitalization",Academic,6.01446745093264
"Renewable Energy, Storage, and Uncertainty",Academic,5.800220790546771
Metaheuristics and Computational Optimization,Patent,19.65166851730948
"Machine Learning, Forecasting, and Predictive Analytics",Patent,15.01813975592712
OPF and Mathematical Optimization,Patent,10.03162096601646
"State Estimation, Monitoring, and Cybersecurity",Patent,9.95512232960121
"Reliability, Resilience, Security, and Stability",Patent,9.89535196564055
Distributed Control and Grid Operation,Patent,9.922951157134321
"Decarbonization, Electrification, and Integrated Energy Systems",Patent,10.322484169702019
"Energy Management, Markets, and Demand Flexibility",Patent,5.06786586840752
"Smart Grids, IoT, and Digitalization",Patent,5.13333613259239
"Renewable Energy, Storage, and Uncertainty",Patent,5.00145913766892
Metaheuristics and Computational Optimization,Policy,4.73352831655952
"Machine Learning, Forecasting, and Predictive Analytics",Policy,5.06662845438709
OPF and Mathematical Optimization,Policy,9.62566716978856
"State Estimation, Monitoring, and Cybersecurity",Policy,14.75663841529328
"Reliability, Resilience, Security, and Stability",Policy,14.961707380167699
Distributed Control and Grid Operation,Policy,4.99349044648385
"Decarbonization, Electrification, and Integrated Energy Systems",Policy,15.05658244507772
"Energy Management, Markets, and Demand Flexibility",Policy,9.89726946910229
"Smart Grids, IoT, and Digitalization",Policy,10.61049554867238
"Renewable Energy, Storage, and Uncertainty",Policy,10.29799235446761
