Common_Macro_Theme,Academic_Topics,Academic_Topic_Count,Academic_Prevalence,Patent_Topics,Patent_Topic_Count,Patent_Prevalence,Policy_Topics,Policy_Topic_Count,Policy_Prevalence,Patent_minus_Academic_pp,Policy_minus_Academic_pp,Patent_minus_Policy_pp,Mean_Prevalence,Prevalence_Range
Data-Driven Forecasting and Analysis,"A1, A2, A4, A11, A16, A19, A21, A22, A26, A28, A31, A40, A44",13,25.893866846281,"P8, P10, P15, P18, P20",5.0,25.52516023511827,"L7, L8",2.0,10.62468111461309,-0.36870661116272885,-15.26918573166791,14.900479120505182,20.681236065337455,15.26918573166791
"Thermal, Fuel, and Industrial Processes","A8, A9, A24, A37, A43, A46",6,12.11387803668077,"P1, P2",2.0,10.27113104340593,L4,1.0,4.78344708402485,-1.8427469932748402,-7.33043095265592,5.48768395938108,9.05615205470385,7.33043095265592
Cross-Cutting and Mixed Topics,"A3, A7, A12, A13, A38, A42",6,12.02335458161957,"P3, P7, P9",3.0,14.69579769598962,"L2, L9, L17, L19",4.0,19.88232710218034,2.6724431143700507,7.858972520560771,-5.18652940619072,15.533826459929843,7.858972520560771
"Grid Control, Monitoring, and Smart Systems","A18, A23, A30, A47, A48",5,9.87884916362071,,0.0,0.0,L3,1.0,5.16834633865169,-9.87884916362071,-4.71050282496902,-5.16834633865169,5.015731834090801,9.87884916362071
"Renewable Energy, Storage, and Power-System Planning","A10, A29, A32, A34, A50",5,9.841583863912561,"P5, P13, P17",3.0,14.60061478407219,"L10, L16, L18",3.0,14.615733036639508,4.7590309201596295,4.774149172726947,-0.01511825256731747,13.019310561541422,4.774149172726947
"Sustainability, Climate, and Energy Policy","A5, A39, A41, A45",4,8.28584317208989,P11,1.0,4.98574799879642,"L5, L11, L14",3.0,15.324195577200161,-3.300095173293471,7.03835240511027,-10.338447578403741,9.531928916028823,10.338447578403741
Computing and Communication Infrastructure,"A14, A20, A25",3,6.10829435610555,"P6, P14",2.0,10.1406244859206,,0.0,0.0,4.03233012981505,-6.10829435610555,10.1406244859206,5.416306280675383,10.1406244859206
Optimization and Engineering Design,"A15, A27, A33",3,5.92604726756464,P16,1.0,5.06786586840752,,0.0,0.0,-0.8581813991571199,-5.92604726756464,5.06786586840752,3.66463771199072,5.92604726756464
Buildings and Residential Energy Use,"A35, A36",2,4.05871305990758,P4,1.0,4.93465926036077,"L1, L13, L15, L20",4.0,19.98602352268714,0.8759462004531899,15.92731046277956,-15.05136426232637,9.659798614318497,15.92731046277956
"Materials, Devices, and Energy Harvesting","A17, A49",2,3.96036821090368,P12,1.0,5.09696170565569,L12,1.0,4.8817179074437,1.1365934947520095,0.9213496965400196,0.2152437982119899,4.646349274667689,1.1365934947520095
Electric Mobility,A6,1,1.90920144131403,P19,1.0,4.68143692227298,L6,1.0,4.73352831655952,2.7722354809589502,2.8243268752454895,-0.052091394286539305,3.7747222267155096,2.8243268752454895
