Common_Macro_Theme,Academic_Topics,Academic_Topic_Count,Academic_Prevalence
Data-Driven Forecasting and Analysis,"A1, A2, A4, A11, A16, A19, A21, A22, A26, A28, A31, A40, A44",13,25.893866846281
"Thermal, Fuel, and Industrial Processes","A8, A9, A24, A37, A43, A46",6,12.11387803668077
Cross-Cutting and Mixed Topics,"A3, A7, A12, A13, A38, A42",6,12.02335458161957
"Grid Control, Monitoring, and Smart Systems","A18, A23, A30, A47, A48",5,9.87884916362071
"Renewable Energy, Storage, and Power-System Planning","A10, A29, A32, A34, A50",5,9.841583863912561
"Sustainability, Climate, and Energy Policy","A5, A39, A41, A45",4,8.28584317208989
Computing and Communication Infrastructure,"A14, A20, A25",3,6.10829435610555
Optimization and Engineering Design,"A15, A27, A33",3,5.92604726756464
Buildings and Residential Energy Use,"A35, A36",2,4.05871305990758
"Materials, Devices, and Energy Harvesting","A17, A49",2,3.96036821090368
Electric Mobility,A6,1,1.90920144131403
