Common_Macro_Theme,Academic_Prevalence,Patent_Prevalence,Policy_Prevalence,Patent_minus_Academic_pp,Policy_minus_Academic_pp
Data-Driven Forecasting and Analysis,25.893866846281,25.52516023511827,10.62468111461309,-0.36870661116272885,-15.26918573166791
"Thermal, Fuel, and Industrial Processes",12.11387803668077,10.27113104340593,4.78344708402485,-1.8427469932748402,-7.33043095265592
Cross-Cutting and Mixed Topics,12.02335458161957,14.69579769598962,19.88232710218034,2.6724431143700507,7.858972520560771
"Grid Control, Monitoring, and Smart Systems",9.87884916362071,0.0,5.16834633865169,-9.87884916362071,-4.71050282496902
"Renewable Energy, Storage, and Power-System Planning",9.841583863912561,14.60061478407219,14.615733036639508,4.7590309201596295,4.774149172726947
"Sustainability, Climate, and Energy Policy",8.28584317208989,4.98574799879642,15.324195577200161,-3.300095173293471,7.03835240511027
Computing and Communication Infrastructure,6.10829435610555,10.1406244859206,0.0,4.03233012981505,-6.10829435610555
Optimization and Engineering Design,5.92604726756464,5.06786586840752,0.0,-0.8581813991571199,-5.92604726756464
Buildings and Residential Energy Use,4.05871305990758,4.93465926036077,19.98602352268714,0.8759462004531899,15.92731046277956
"Materials, Devices, and Energy Harvesting",3.96036821090368,5.09696170565569,4.8817179074437,1.1365934947520095,0.9213496965400196
Electric Mobility,1.90920144131403,4.68143692227298,4.73352831655952,2.7722354809589502,2.8243268752454895
