Common_Macro_Theme,Academic_Prevalence,Patent_Prevalence,Policy_Prevalence,Mean_Prevalence,Prevalence_Range,Consistency_Rank
"Materials, Devices, and Energy Harvesting",3.96036821090368,5.09696170565569,4.8817179074437,4.646349274667689,1.1365934947520095,1
Electric Mobility,1.90920144131403,4.68143692227298,4.73352831655952,3.7747222267155096,2.8243268752454895,2
"Renewable Energy, Storage, and Power-System Planning",9.841583863912561,14.60061478407219,14.615733036639508,13.019310561541422,4.774149172726947,3
Optimization and Engineering Design,5.92604726756464,5.06786586840752,0.0,3.66463771199072,5.92604726756464,4
"Thermal, Fuel, and Industrial Processes",12.11387803668077,10.27113104340593,4.78344708402485,9.05615205470385,7.33043095265592,5
Cross-Cutting and Mixed Topics,12.02335458161957,14.69579769598962,19.88232710218034,15.533826459929843,7.858972520560771,6
"Grid Control, Monitoring, and Smart Systems",9.87884916362071,0.0,5.16834633865169,5.015731834090801,9.87884916362071,7
Computing and Communication Infrastructure,6.10829435610555,10.1406244859206,0.0,5.416306280675383,10.1406244859206,8
"Sustainability, Climate, and Energy Policy",8.28584317208989,4.98574799879642,15.324195577200161,9.531928916028823,10.338447578403741,9
Data-Driven Forecasting and Analysis,25.893866846281,25.52516023511827,10.62468111461309,20.681236065337455,15.26918573166791,10
Buildings and Residential Energy Use,4.05871305990758,4.93465926036077,19.98602352268714,9.659798614318497,15.92731046277956,11
