Macro_Theme,Definition
Metaheuristics and Computational Optimization,"Metaheuristic, evolutionary, swarm, heuristic, population-based, and related computational optimization methods."
"Machine Learning, Forecasting, and Predictive Analytics","Machine learning, deep learning, neural networks, forecasting, prediction, classification, regression, and related data-driven analytical methods."
OPF and Mathematical Optimization,"Optimal power flow and mathematical optimization, including convex and nonconvex formulations, relaxations, decomposition, and optimization methods directly associated with network-constrained operation."
"State Estimation, Monitoring, and Cybersecurity","State estimation, topology or parameter estimation, system monitoring, anomaly and attack detection, cybersecurity, and data-integrity assessment."
"Reliability, Resilience, Security, and Stability","Power-system reliability, resilience, operational security, contingencies, restoration, stability, protection, and related secure-operation problems."
Distributed Control and Grid Operation,"Distributed and decentralized control, voltage and frequency control, dispatch, operational coordination, and real-time grid-operation methods."
"Decarbonization, Electrification, and Integrated Energy Systems","Decarbonization, electrification, electric mobility, integrated and multi-energy systems, sector coupling, low-carbon operation, and related energy-transition technologies."
"Energy Management, Markets, and Demand Flexibility","Energy management, electricity markets, scheduling, pricing, demand response, flexibility, and related economic or operational coordination."
"Smart Grids, IoT, and Digitalization","Smart grids, Internet of Things, communications, digital infrastructure, digital twins, and related grid-digitalization technologies."
"Renewable Energy, Storage, and Uncertainty","Renewable-energy integration, wind and solar resources, energy storage, uncertainty, scenario generation, and stochastic renewable-energy operation."
